idinfo;smartphonename;price;ram;rom;cpu;cameranumber;camera;selfie;battery;displaysize;ref;cpuclock;displayres;provider;os
1;"Samsung Galaxy S8";15990000;"4 GB";"64 GB";"Exynos 8895 8 nhân 64-bit";2;"12 MP";"8 MP";"3000 mAh";"5.8";https://www.thegioididong.com/dtdd/samsung-galaxy-s8;"4 nhân 2.3 GHz và 4 nhân 1.7 GHz";"2K+ (1440 x 2960 Pixels)";TGDD;"Android Nougat"
2;"iPhone X 256GB Sliver";34790000;"3 GB";"256 GB";"Apple A11 Bionic 6 nhân";3;"2 camera 12 MP";"7 MP";"2716 mAh";"5.8";https://www.thegioididong.com/dtdd/iphone-x-256gb;"2.39 GHz";"1125 x 2436 Pixels";TGDD;iOS
3;"iPhone X 256GB Gray";34790000;"3 GB";"256 GB";"Apple A11 Bionic 6 nhân";3;"2 camera 12 MP";"7 MP";"2716 mAh";"5.8";https://www.thegioididong.com/dtdd/iphone-x-256gb-gray;"2.39 GHz";"1125 x 2436 Pixels";TGDD;iOS
4;"iPhone X 64GB Silver";29990000;"3 GB";"64 GB";"Apple A11 Bionic 6 nhân";3;"2 camera 12 MP";"7 MP";"2716 mAh";"5.8";https://www.thegioididong.com/dtdd/iphone-x-64gb;"2.39 GHz";"1125 x 2436 Pixels";TGDD;iOS
5;"iPhone X 64GB Gray";29990000;"3 GB";"64 GB";"Apple A11 Bionic 6 nhân";3;"2 camera 12 MP";"7 MP";"2716 mAh";"5.8";https://www.thegioididong.com/dtdd/iphone-x-64gb-gray;"2.39 GHz";"1125 x 2436 Pixels";TGDD;iOS
6;"iPhone 8 Plus Red 256GB (Đỏ)";28790000;"3 GB";"256 GB";"Apple A11 Bionic 6 nhân";3;"2 camera 12 MP";"7 MP";"2691 mAh";"5.5";https://www.thegioididong.com/dtdd/iphone-8-plus-do-256gb;"2 nhân 2.1 GHz Monsoon và 4 nhân 2.1 GHz Mistral";"Full HD (1080 x 1920 pixels)";TGDD;iOS
7;"iPhone 8 256GB";25790000;"2 GB";"256 GB";"Apple A11 Bionic 6 nhân";2;"12 MP";"7 MP";"1821 mAh";"4.7";https://www.thegioididong.com/dtdd/iphone-8-256gb;"2 nhân 2.1 GHz Monsoon và 4 nhân 2.1 GHz Mistral";"HD (1334 x 750 Pixels)";TGDD;iOS
8;"Samsung Galaxy S9+ 128GB Hoàng Kim";24490000;"6 GB";"128 GB";"Exynos 9810 8 nhân 64 bit";3;"2 camera 12 MP";"8 MP";"3500 mAh";"6.2";https://www.thegioididong.com/dtdd/samsung-galaxy-s9-plus-128gb-vang-dong;"4 nhân 2.8 GHz & 4 nhân 1.7 GHz";"2K+ (1440 x 2960 Pixels)";TGDD;"Android Oreo"
9;"Samsung Galaxy S9+ 128GB";24490000;"6 GB";"128 GB";"Exynos 9810 8 nhân 64 bit";3;"2 camera 12 MP";"8 MP";"3500 mAh";"6.2";https://www.thegioididong.com/dtdd/samsung-galaxy-s9-plus-128gb;"4 nhân 2.8 GHz & 4 nhân 1.7 GHz";"2K+ (1440 x 2960 Pixels)";TGDD;"Android Oreo"
10;"iPhone 8 Plus 64GB";23990000;"3 GB";"64 GB";"Apple A11 Bionic 6 nhân";3;"2 camera 12 MP";"7 MP";"2691 mAh";"5.5";https://www.thegioididong.com/dtdd/iphone-8-plus;"2 nhân 2.1 GHz Monsoon và 4 nhân 2.1 GHz Mistral";"Full HD (1080 x 1920 pixels)";TGDD;iOS
11;"iPhone 8 Plus Red 64GB (Đỏ)";23990000;"3 GB";"64 GB";"Apple A11 Bionic 6 nhân";3;"2 camera 12 MP";"7 MP";"2691 mAh";"5.5";https://www.thegioididong.com/dtdd/iphone-8-plus-do;"2 nhân 2.1 GHz Monsoon và 4 nhân 2.1 GHz Mistral";"Full HD (1080 x 1920 pixels)";TGDD;iOS
12;"Samsung Galaxy S9+ 64GB";23490000;"6 GB";"64 GB";"Exynos 9810 8 nhân 64 bit";3;"2 camera 12 MP";"8 MP";"3500 mAh";"6.2";https://www.thegioididong.com/dtdd/samsung-galaxy-s9-plus;"4 nhân 2.8 GHz & 4 nhân 1.7 GHz";"2K+ (1440 x 2960 Pixels)";TGDD;"Android Oreo"
13;"Samsung Galaxy S9+ 64GB (Xanh san hô)";23490000;"6 GB";"64 GB";"Exynos 9810 8 nhân 64 bit";3;"2 camera 12 MP";"8 MP";"3500 mAh";"6.2";https://www.thegioididong.com/dtdd/samsung-galaxy-s9-plus-64gb-xanh-san-ho;"4 nhân 2.8 GHz & 4 nhân 1.7 GHz";"2K+ (1440 x 2960 Pixels)";TGDD;"Android Oreo"
14;"iPhone 7 Plus 128GB";22990000;"3 GB";"128 GB";"Apple A10 Fusion 4 nhân 64-bit";3;"2 camera 12 MP";"7 MP";"2900 mAh";"5.5";https://www.thegioididong.com/dtdd/iphone-7-plus-128gb;"2.3 GHz";"Full HD (1080 x 1920 pixels)";TGDD;iOS
15;"Samsung Galaxy Note 8";22490000;"6 GB";"64 GB";"Exynos 8895 8 nhân 64-bit";3;"2 camera 12 MP";"8 MP";"3300 mAh";"6.3";https://www.thegioididong.com/dtdd/samsung-galaxy-note8;"4 nhân 2.3 GHz và 4 nhân 1.7 GHz";"2K+ (1440 x 2960 Pixels)";TGDD;"Android Nougat"
16;"iPhone 8 64GB";20990000;"2 GB";"64 GB";"Apple A11 Bionic 6 nhân";2;"12 MP";"7 MP";"1821 mAh";"4.7";https://www.thegioididong.com/dtdd/iphone-8-64gb;"2 nhân 2.1 GHz Monsoon và 4 nhân 2.1 GHz Mistral";"HD (1334 x 750 Pixels)";TGDD;iOS
17;"iPhone 8 Red 64GB (Đỏ)";20990000;"2 GB";"64 GB";"Apple A11 Bionic 6 nhân";2;"12 MP";"7 MP";"1821 mAh";"4.7";https://www.thegioididong.com/dtdd/iphone-8-do;"2 nhân 2.1 GHz Monsoon và 4 nhân 2.1 GHz Mistral";"HD (1334 x 750 Pixels)";TGDD;iOS
18;"iPhone 7 Plus 32GB";19990000;"3 GB";"32 GB";"Apple A10 Fusion 4 nhân 64-bit";3;"2 camera 12 MP";"7 MP";"2900 mAh";"5.5";https://www.thegioididong.com/dtdd/iphone-7-plus;"2.3 GHz";"Full HD (1080 x 1920 pixels)";TGDD;iOS
19;"Huawei P20 Pro";19990000;"6 GB";"128 GB";"Hisilicon Kirin 970 8 nhân";4;"40 MP, 20 MP và 8 MP (3 camera)";"24 MP";"4000 mAh";"6.1";https://www.thegioididong.com/dtdd/huawei-p20-pro;"4 nhân 2.4 GHz Cortex-A73 & 4 nhân 1.8 GHz Cortex-A53";"Full HD+ (1080 x 2244 Pixels)";TGDD;"Android Oreo"
20;"Samsung Galaxy S9";19990000;"4 GB";"64 GB";"Exynos 9810 8 nhân 64 bit";2;"12 MP";"8 MP";"3000 mAh";"5.8";https://www.thegioididong.com/dtdd/samsung-galaxy-s9;"4 nhân 2.8 GHz & 4 nhân 1.7 GHz";"2K+ (1440 x 2960 Pixels)";TGDD;"Android Oreo"
21;"Sony Xperia XZ2";19990000;"4 GB";"64 GB";"Snapdragon 845 8 nhân";2;"19 MP";"5 MP";"3180 mAh";"5.7";https://www.thegioididong.com/dtdd/sony-xperia-xz2;"4 nhân 2.8 GHz Kryo & 4 nhân 1.8 GHz Kryo";"Full HD+ (1080 x 2160 Pixels)";TGDD;"Android Oreo"
22;"Samsung Galaxy S8 Plus";17990000;"4 GB";"64 GB";"Exynos 8895 8 nhân 64-bit";2;"12 MP";"8 MP";"3500 mAh";"6.2";https://www.thegioididong.com/dtdd/samsung-galaxy-s8-plus;"4 nhân 2.3 GHz và 4 nhân 1.7 GHz";"2K+ (1440 x 2960 Pixels)";TGDD;"Android Nougat"
23;"iPhone 7 32GB";15990000;"2 GB";"32 GB";"Apple A10 Fusion 4 nhân 64-bit";2;"12 MP";"7 MP";"1960 mAh";"4.7";https://www.thegioididong.com/dtdd/iphone-7;"2.3 GHz";"HD (1334 x 750 Pixels)";TGDD;iOS
24;"Samsung Galaxy S8";15990000;"4 GB";"64 GB";"Exynos 8895 8 nhân 64-bit";2;"12 MP";"8 MP";"3000 mAh";"5.8";https://www.thegioididong.com/dtdd/samsung-galaxy-s8;"4 nhân 2.3 GHz và 4 nhân 1.7 GHz";"2K+ (1440 x 2960 Pixels)";TGDD;"Android Nougat"
25;"Samsung Galaxy A8+ (2018)";13490000;"6 GB";"64 GB";"Exynos 7885 8 nhân 64-bit";3;"16 MP";"16 MP và 8 MP";"3500 mAh";"6";https://www.thegioididong.com/dtdd/samsung-galaxy-a8-plus-2018;"2 nhân 2.2 GHz Cortex-A73 & 6 nhân 1.6 GHz Cortex-A53";"Full HD+ (1080 x 2220 Pixels)";TGDD;"Android Nougat"
26;"iPhone 6s Plus 32GB";12990000;"2 GB";"32 GB";"Apple A9 2 nhân 64-bit";2;"12 MP";"5 MP";"2750 mAh";"5.5";https://www.thegioididong.com/dtdd/iphone-6s-plus-32gb;"1.8 GHz";"Full HD (1080 x 1920 pixels)";TGDD;iOS
27;"iPhone 6s 32GB";12490000;"2 GB";"32 GB";"Apple A9 2 nhân 64-bit";2;"12 MP";"5 MP";"1715 mAh";"4.7";https://www.thegioididong.com/dtdd/iphone-6s-32gb;"1.8 GHz";"HD (1334 x 750 Pixels)";TGDD;iOS
28;"Sony Xperia XZ1";11990000;"4 GB";"64 GB";"Qualcomm Snapdragon 835 8 nhân 64-bit";2;"19 MP";"13 MP";"2700 mAh";"5.2";https://www.thegioididong.com/dtdd/sony-xperia-xz1;"4 nhân 2.45 GHz Kryo & 4 nhân 1.9 GHz Kryo";"Full HD (1080 x 1920 pixels)";TGDD;"Android Oreo"
29;"Samsung Galaxy A8 (2018)";10990000;"4 GB";"32 GB";"Exynos 7885 8 nhân 64-bit";3;"16 MP";"16 MP và 8 MP";"3000 mAh";"5.6";https://www.thegioididong.com/dtdd/samsung-galaxy-a8-2018;"2 nhân 2.2 GHz Cortex-A73 & 6 nhân 1.6 GHz Cortex-A53";"Full HD+ (1080 x 2220 Pixels)";TGDD;"Android Nougat"
30;"OPPO F7 128GB";9990000;"6 GB";"128 GB";"MediaTek Helio P60 8 nhân 64-bit";2;"16 MP";"25 MP";"3400 mAh";"6.23";https://www.thegioididong.com/dtdd/oppo-f7-128gb;"2.0 GHz";"Full HD+ (1080 x 2280 Pixels)";TGDD;"ColorOS Android"
31;"Sony Xperia XZ Dual";9990000;"3 GB";"64 GB";"Snapdragon 820 4 nhân 64-bit";2;"23 MP";"13 MP";"2900 mAh";"5.2";https://www.thegioididong.com/dtdd/sony-xperia-xz;"2 nhân 2.15 GHz Kryo & 2 nhân 1.6 GHz Kryo";"Full HD (1080 x 1920 pixels)";TGDD;"Android Nougat"
32;"Bphone 2017";9790000;"3 GB";"32 GB";"Snapdragon 625 8 nhân 64-bit";2;"16 MP";"8 MP";"3000 mAh";"5.5";https://www.thegioididong.com/dtdd/bkav-bphone-2;"2.0 GHz";"Full HD (1080 x 1920 pixels)";TGDD;"BOS Android"
33;"Samsung Galaxy A6+ (2018)";8990000;"4 GB";"32 GB";"Qualcomm Snapdragon 450 8 nhân 64-bit";3;"16 MP và 5 MP (2 camera)";"24 MP";"3500 mAh";"6";https://www.thegioididong.com/dtdd/samsung-galaxy-a6-plus-2018;"1.8 GHz";"Full HD+ (1080 x 2220 Pixels)";TGDD;"Android Oreo"
34;"Nokia 7 plus";8990000;"4 GB";"64 GB";"Qualcomm Snapdragon 660 8 nhân";3;"12 MP và 13 MP (2 camera)";"16 MP";"3800 mAh";"6";https://www.thegioididong.com/dtdd/nokia-7-plus;"4 nhân 2.2 GHz Kryo 260 & 4 nhân 1.8 GHz Kryo 260";"Full HD+ (1080 x 2160 Pixels)";TGDD;"Android Oreo"
35;"Samsung Galaxy C9 Pro";8990000;"6 GB";"64 GB";"Snapdragon 653 8 nhân 64-bit";2;"16 MP";"16 MP";"4000 mAh";"6.0";https://www.thegioididong.com/dtdd/samsung-galaxy-c9-pro;"4 nhân 1.95 GHz và 4 nhân 1.40 GHz";"Full HD (1080 x 1920 pixels)";TGDD;"Android Marshmallow"
36;"HTC U Ultra";8990000;"4 GB";"64 GB";"Qualcomm Snapdragon 821 4 nhân 64-bit";2;"12 MP";"16 MP";"3000 mAh";"Chính: 5.7", phụ: 2.05";https://www.thegioididong.com/dtdd/htc-u-ultra;"2 nhân 2.15 GHz Kryo & 2 nhân 1.6 GHz Kryo";"2K (1440 x 2560 pixels)";TGDD;"Android Nougat"
37;"OPPO F7";7990000;"4 GB";"64 GB";"MediaTek Helio P60 8 nhân 64-bit";2;"16 MP";"25 MP";"3400 mAh";"6.23";https://www.thegioididong.com/dtdd/oppo-f7;"2.0 GHz";"Full HD+ (1080 x 2280 Pixels)";TGDD;"ColorOS Android"
38;"Vivo V9";7990000;"4 GB";"64 GB";"Snapdragon 626 8 nhân 64-bit";3;"16 MP và 5 MP (2 camera)";"24 MP";"3260 mAh";"6.3";https://www.thegioididong.com/dtdd/vivo-v9;"2.2 GHz";"Full HD+ (1080 x 2280 Pixels)";TGDD;"Android Oreo"
39;"Vivo V9 Special Edition";7990000;"4 GB";"64 GB";"Snapdragon 626 8 nhân 64-bit";3;"16 MP và 5 MP (2 camera)";"24 MP";"3260 mAh";"6.3";https://www.thegioididong.com/dtdd/vivo-v9-special-edition;"2.2 GHz";"Full HD+ (1080 x 2280 Pixels)";TGDD;"Android Oreo"
40;"Motorola Moto Z2 Play";7990000;"4 GB";"64 GB";"Snapdragon 626 8 nhân 64-bit";2;"12 MP";"5 MP";"3000 mAh";"5.5";https://www.thegioididong.com/dtdd/motorola-moto-z2-play;"2.2 GHz";"Full HD (1080 x 1920 pixels)";TGDD;"Android Nougat"
41;"iPhone 6 32GB";7490000;"1 GB";"32 GB";"Apple A8 2 nhân 64-bit";2;"8 MP";"1.2 MP";"1810 mAh";"4.7";https://www.thegioididong.com/dtdd/iphone-6-32gb-gold;"1.4 GHz";"HD (1334 x 750 Pixels)";TGDD;iOS
42;"OPPO F5 6GB";7490000;"6 GB";"64 GB";"Mediatek Helio P23 8 nhân 64-bit";2;"16 MP";"20 MP";"3200 mAh";"6.0";https://www.thegioididong.com/dtdd/oppo-f5-6gb;"2.5 GHz";"Full HD+ (1080 x 2160 Pixels)";TGDD;"ColorOS Android"
43;"Motorola Moto X4";7490000;"4 GB";"64 GB";"Qualcomm Snapdragon 630 8 nhân";3;"12 MP và 8 MP (2 camera)";"16 MP";"3000 mAh";"5.2";https://www.thegioididong.com/dtdd/motorola-moto-x4;"2.2 GHz";"Full HD (1080 x 1920 pixels)";TGDD;"Android Nougat"
44;"Samsung Galaxy J7+";7290000;"4 GB";"32 GB";"Mediatek Helio P25 Lite 8 nhân";3;"13 MP và 5 MP (2 camera)";"16 MP";"3000 mAh";"5.5";https://www.thegioididong.com/dtdd/samsung-galaxy-j7-plus;"4 nhân 2.39 GHz & 4 nhân 1.69 GHz";"Full HD (1080 x 1920 pixels)";TGDD;"Android Nougat"
45;"Samsung Galaxy A6 (2018)";6990000;"3 GB";"32 GB";"Exynos 7870 8 nhân 64-bit";2;"16 MP";"16 MP";"3000 mAh";"5.6";https://www.thegioididong.com/dtdd/samsung-galaxy-a6-2018;"1.6 GHz";"HD+ (720 × 1480 Pixels)";TGDD;"Android Oreo"
46;"Huawei Nova 3e";6990000;"4 GB";"64 GB";"HiSilicon Kirin 659 8 nhân";3;"16 MP và 2 MP (2 camera)";"16 MP";"3000 mAh";"5.84";https://www.thegioididong.com/dtdd/huawei-nova-3e;"4 nhân 2.36GHz + 4 nhân 1.7GHz";"Full HD+ (1080 x 2280 Pixels)";TGDD;"Android Oreo"
47;"Oppo F5";6990000;"4 GB";"32 GB";"Mediatek Helio P23 8 nhân 64-bit";2;"16 MP";"20 MP";"3200 mAh";"6.0";https://www.thegioididong.com/dtdd/oppo-f5;"2.5 GHz";"Full HD+ (1080 x 2160 Pixels)";TGDD;"ColorOS Android"
48;"Nokia 6 new 64GB";6990000;"4 GB";"64 GB";"Qualcomm Snapdragon 630 8 nhân";2;"16 MP";"8 MP";"3000 mAh";"5.5";https://www.thegioididong.com/dtdd/nokia-6-new-64gb;"2.2 GHz";"Full HD (1080 x 1920 pixels)";TGDD;"Android Oreo"
49;"Sony Xperia XA1 Ultra";6990000;"4 GB";"64 GB";"Mediatek Helio P20";2;"23 MP";"16 MP";"2700 mAh";"6.0";https://www.thegioididong.com/dtdd/sony-xa1-ultra;"4 nhân 2.3 GHz + 4 nhân 1.6 GHz";"Full HD (1080 x 1920 pixels)";TGDD;"Android Nougat"
50;"Sony Xperia X";6990000;"3 GB";"64 GB";"Snapdragon 650 6 nhân 64-bit";2;"23 MP";"13 MP";"2620 mAh";"5";https://www.thegioididong.com/dtdd/sony-xperia-x;"2 nhân 1.8 GHz và 4 nhân 1.2 GHz";"Full HD (1080 x 1920 pixels)";TGDD;"Android Marshmallow"
51;"Vivo V7+";6990000;"4 GB";"64 GB";"Qualcomm Snapdragon 450 8 nhân 64-bit";2;"16 MP";"24 MP";"3225 mAh";"5.99";https://www.thegioididong.com/dtdd/vivo-v7-plus;"1.8 GHz";"HD+ (720 x 1440 Pixels)";TGDD;"Android Nougat"
52;"Motorola Moto G5S Plus";6990000;"4 GB";"32 GB";"Snapdragon 625 8 nhân 64-bit";3;"2 camera 13 MP";"8 MP";"3000 mAh";"5.5";https://www.thegioididong.com/dtdd/motorola-moto-g5s-plus;"2.0 GHz";"Full HD (1080 x 1920 pixels)";TGDD;"Android Nougat"
53;"OPPO F7 Youth";6490000;"4 GB";"64 GB";"MediaTek Helio P60 8 nhân 64-bit";2;"13 MP";"8 MP";"3410 mAh";"6.0";https://www.thegioididong.com/dtdd/oppo-f7-youth;"2.0 GHz";"Full HD+ (1080 x 2160 Pixels)";TGDD;"ColorOS Android"
54;"OPPO F3 Plus";6490000;"4 GB";"64 GB";"Snapdragon 653 8 nhân 64-bit";3;"16 MP";"16 MP và 8 MP";"4000 mAh";"6.0";https://www.thegioididong.com/dtdd/oppo-f3-plus;"4 nhân 1.95 GHz và 4 nhân 1.40 GHz";"Full HD (1080 x 1920 pixels)";TGDD;"Android Marshmallow"
55;"Sony Xperia XA1 Ultra Pink";6490000;"4 GB";"64 GB";"Mediatek Helio P20";2;"23 MP";"16 MP";"2700 mAh";"6.0";https://www.thegioididong.com/dtdd/sony-xperia-xa1-ultra-pink;"4 nhân 2.3 GHz và 4 nhân 1.7 GHz";"Full HD (1080 x 1920 pixels)";TGDD;"Android Nougat"
56;"Samsung Galaxy J7 Pro";6090000;"3 GB";"32 GB";"Exynos 7870 8 nhân 64-bit";2;"13 MP";"13 MP";"3600 mAh";"5.5";https://www.thegioididong.com/dtdd/samsung-galaxy-j7-pro;"1.6 GHz";"Full HD (1080 x 1920 pixels)";TGDD;"Android Nougat"
57;"Nokia 6 new";5990000;"3 GB";"32 GB";"Qualcomm Snapdragon 630 8 nhân";2;"16 MP";"8 MP";"3000 mAh";"5.5";https://www.thegioididong.com/dtdd/nokia-6-2018;"2.2 GHz";"Full HD (1080 x 1920 pixels)";TGDD;"Android Oreo"
58;"OPPO F5 Youth";5990000;"3 GB";"32 GB";"Mediatek Helio P23 8 nhân 64-bit";2;"13 MP";"16 MP";"3200 mAh";"6.0";https://www.thegioididong.com/dtdd/oppo-f5-youth;"2.5 GHz";"Full HD+ (1080 x 2160 Pixels)";TGDD;"ColorOS Android"
59;"Sony Xperia XA1 Plus";5990000;"4 GB";"32 GB";"Mediatek Helio P20";2;"23 MP";"8 MP";"3430 mAh";"5.5";https://www.thegioididong.com/dtdd/sony-xepria-xa1-plus;"4 nhân 2.3 GHz + 4 nhân 1.6 GHz";"Full HD (1080 x 1920 pixels)";TGDD;"Android Nougat"
60;"Vivo V7";5990000;"4 GB";"32 GB";"Qualcomm Snapdragon 450 8 nhân 64-bit";2;"16 MP";"24 MP";"3000 mAh";"5.7";https://www.thegioididong.com/dtdd/vivo-v7;"1.8 GHz";"HD+ (720 x 1440 Pixels)";TGDD;"Android Nougat"
61;"Mobiistar Prime X Max 2018";5990000;"4 GB";"64 GB";"MediaTek Helio P25 8 nhân";4;"13 MP và 5 MP (2 camera)";"20 MP + 8 MP (2 camera)";"4010 mAh";"6.0";https://www.thegioididong.com/dtdd/mobiistar-prime-x-max-2018;"2.6 GHz";"HD+ (720 x 1440 Pixels)";TGDD;"Android Nougat"
62;"Vivo V5s";5990000;"4 GB";"64 GB";"Mediatek MT6750 8 nhân";2;"13 MP";"20 MP";"3000 mAh";"5.5";https://www.thegioididong.com/dtdd/vivo-1713-v5s;"1.5 GHz";"HD (720 x 1280 pixels)";TGDD;"Funtouch OS nền tảng Android"
63;"Xiaomi Redmi Note 5";5690000;"4 GB";"64 GB";"Qualcomm Snapdragon 636 8 nhân";3;"12 MP và 5 MP (2 camera)";"13 MP";"4000 mAh";"5.99";https://www.thegioididong.com/dtdd/xiaomi-redmi-note-5;"1.8 GHz";"Full HD+ (1080 x 2160 Pixels)";TGDD;"Android Oreo"
64;"Xiaomi Mi A1 64GB";5490000;"4 GB";"64 GB";"Snapdragon 625 8 nhân 64-bit";3;"2 camera 12 MP";"5 MP";"3080 mAh";"5.5";https://www.thegioididong.com/dtdd/xiaomi-mi-a1;"2.0 GHz";"Full HD (1080 x 1920 pixels)";TGDD;"Android Nougat"
65;"Vivo Y69";5490000;"3 GB";"32 GB";"Mediatek MT6750 8 nhân";2;"13 MP";"16 MP";"3000 mAh";"5.5";https://www.thegioididong.com/dtdd/vivo-y69;"1.5 GHz";"HD (720 x 1280 pixels)";TGDD;"Android Nougat"
66;"Samsung Galaxy J6";5290000;"3 GB";"32 GB";"Exynos 7870 8 nhân 64-bit";2;"13 MP";"8 MP";"3000 mAh";"5.6";https://www.thegioididong.com/dtdd/samsung-galaxy-j6;"1.6 GHz";"HD+ (720 × 1480 Pixels)";TGDD;"Android Oreo"
67;"Samsung Galaxy J7 Prime";4990000;"3 GB";"32 GB";"Exynos 7870 8 nhân 64-bit";2;"13 MP";"8 MP";"3300 mAh";"5.5";https://www.thegioididong.com/dtdd/samsung-galaxy-j7-prime;"1.6 GHz";"Full HD (1080 x 1920 pixels)";TGDD;"Android Marshmallow"
68;"Huawei Nova 2i";4990000;"4 GB";"64 GB";"HiSilicon Kirin 659 8 nhân";4;"16 MP và 2 MP (2 camera)";"13 MP và 2 MP";"3340 mAh";"5.9";https://www.thegioididong.com/dtdd/huawei-nova-2i;"4 nhân 2.36GHz + 4 nhân 1.7GHz";"Full HD+ (1080 x 2160 Pixels)";TGDD;"Android Nougat"
69;"OPPO A83";4990000;"3 GB";"32 GB";"Mediatek Helio P23 8 nhân 64-bit";2;"13 MP";"8 MP";"3180 mAh";"5.7";https://www.thegioididong.com/dtdd/oppo-a83;"2.5 GHz";"HD+ (720 x 1440 Pixels)";TGDD;"Android Nougat"
70;"Nokia 6";4990000;"3 GB";"32 GB";"Qualcomm Snapdragon 430 8 nhân 64 bit";2;"16 MP";"8 MP";"3000 mAh";"5.5";https://www.thegioididong.com/dtdd/nokia-6;"1.4 GHz";"Full HD (1080 x 1920 pixels)";TGDD;"Android Nougat"
71;"Sony Xperia XA1";4990000;"3 GB";"32 GB";"Mediatek Helio P20";2;"23 MP";"8 MP";"2300 mAh";"5";https://www.thegioididong.com/dtdd/sony-xperia-xa1;"4 nhân 2.3 GHz và 4 nhân 1.7 GHz";"HD (720 x 1280 pixels)";TGDD;"Android Nougat"
72;"Sony Xperia L2";4990000;"3 GB";"32 GB";"MT6737T, 4 nhân";2;"13 MP";"8 MP";"3300 mAh";"5.5";https://www.thegioididong.com/dtdd/sony-xperia-l2;"Quad-core 1.5 GHz";"HD (720 x 1280 pixels)";TGDD;"Android Nougat"
73;"OPPO A83 2018 (không tai nghe)";4890000;"3 GB";"32 GB";"Mediatek Helio P23 8 nhân 64-bit";2;"13 MP";"8 MP";"3180 mAh";"5.7";https://www.thegioididong.com/dtdd/oppo-a83-2018-khong-tai-nghe;"2.5 GHz";"HD+ (720 x 1440 Pixels)";TGDD;"Android Nougat"
74;"Xiaomi Redmi 5 Plus 4GB";4790000;"4 GB";"64 GB";"Snapdragon 625 8 nhân 64-bit";2;"12 MP";"5 MP";"4000 mAh";"5.99";https://www.thegioididong.com/dtdd/xiaomi-redmi-5-plus;"2.0 GHz";"Full HD+ (1080 x 2160 Pixels)";TGDD;"Android Nougat"
75;"Xiaomi Mi A1 32GB";4490000;"4 GB";"32 GB";"Snapdragon 625 8 nhân 64-bit";3;"2 camera 12 MP";"5 MP";"3080 mAh";"5.5";https://www.thegioididong.com/dtdd/xiaomi-mi-a1-32gb;"2.0 GHz";"Full HD (1080 x 1920 pixels)";TGDD;"Android Nougat"
76;"ASUS Zenfone Max Plus M1 - ZB570TL";4490000;"3 GB";"32 GB";"MT6750T 8 nhân 64-bit";3;"16 MP và 8 MP (2 camera)";"8 MP";"4130 mAh";"5.7";https://www.thegioididong.com/dtdd/asus-zenfone-max-plus-m1-zb570tl;"1.5 GHz";"Full HD+ (1080 x 2160 Pixels)";TGDD;"Android Nougat"
77;"Xiaomi Redmi Note 4";4290000;"3 GB";"32 GB";"Snapdragon 625 8 nhân 64-bit";2;"13 MP";"5 MP";"4100 mAh";"5.5";https://www.thegioididong.com/dtdd/xiaomi-redmi-note-4;"2.0 GHz";"Full HD (1080 x 1920 pixels)";TGDD;"Android Marshmallow"
78;"OPPO A83 2018 16GB";4190000;"2 GB";"16 GB";"Mediatek Helio P23 8 nhân 64-bit";2;"13 MP";"8 MP";"3180 mAh";"5.7";https://www.thegioididong.com/dtdd/oppo-a83-16gb;"2.5 GHz";"HD+ (720 x 1440 Pixels)";TGDD;"Android Nougat"
79;"OPPO A71 32GB (2018)";4190000;"3 GB";"32 GB";"Qualcomm Snapdragon 450 8 nhân 64-bit";2;"13 MP";"5 MP";"3000 mAh";"5.2";https://www.thegioididong.com/dtdd/oppo-a71-32gb-2018;"1.8 GHz";"HD (720 x 1280 pixels)";TGDD;"Android Nougat"
80;"Huawei Y7 Pro (2018)";3990000;"3 GB";"32 GB";"Qualcomm Snapdragon 430 8 nhân 64 bit";3;"13 MP và 2 MP (2 camera)";"8 MP";"3000 mAh";"5.99";https://www.thegioididong.com/dtdd/huawei-y7-pro-2018;"4 nhân 1.4 GHz Cortex-A53 & 4 nhân 1.0 GHz Cortex-A53";"HD+ (720 x 1440 Pixels)";TGDD;"Android Oreo"
81;"Samsung Galaxy J3 Pro";3990000;"2 GB";"16 GB";"Exynos 7570 4 nhân 64-bit";2;"13 MP";"5 MP";"2400 mAh";"5";https://www.thegioididong.com/dtdd/samsung-galaxy-j3-pro-2017;"1.4 GHz";"HD (720 x 1280 pixels)";TGDD;"Android Nougat"
82;"Asus Zenfone 4 Max Pro ZC554KL";3990000;"3 GB";"32 GB";"Qualcomm Snapdragon 430 8 nhân 64 bit";3;"16 MP và 5 MP (2 camera)";"16 MP";"5000 mAh";"5.5";https://www.thegioididong.com/dtdd/asus-zenfone-4-max-pro-zc554kl;"1.4 GHz";"HD (720 x 1280 pixels)";TGDD;"Android Nougat"
83;"HTC 10 evo";3990000;"3 GB";"32 GB";"Snapdragon 810 8 nhân 64-bit";2;"16 MP";"8 MP";"3200 mAh";"5.5";https://www.thegioididong.com/dtdd/htc-10-evo;"4 nhân 1.5 GHz Cortex-A53 & 4 nhân 2 GHz Cortex-A57";"2K (1440 x 2560 pixels)";TGDD;"Android Nougat"
84;"Motorola Moto E4 Plus";3990000;"3 GB";"32 GB";"MT6737 4 nhân";2;"13 MP";"5 MP";"5000 mAh";"5.5";https://www.thegioididong.com/dtdd/motorola-moto-e4-plus;"1.3 GHz";"HD (720 x 1280 pixels)";TGDD;"Android Nougat"
85;"Nokia 5";3860000;"2 GB";"16 GB";"Qualcomm Snapdragon 430 8 nhân 64 bit";2;"13 MP";"8 MP";"3000 mAh";"5.2";https://www.thegioididong.com/dtdd/nokia-5;"1.4 GHz";"HD (720 x 1280 pixels)";TGDD;"Android Nougat"
86;"Samsung Galaxy J4";3790000;"2 GB";"16 GB";"Exynos 7570 4 nhân 64-bit";2;"13 MP";"5 MP";"3000 mAh";"5.5";https://www.thegioididong.com/dtdd/samsung-galaxy-j4;"Quad-core 1.4 GHz";"HD (720 x 1280 pixels)";TGDD;"Android Oreo"
87;"HTC U Play";3790000;"3 GB";"32 GB";"MTK Helio P10 8 nhân 64-bit";2;"16 MP";"16 MP";"2500 mAh";"5.2";https://www.thegioididong.com/dtdd/htc-u-play;"4 nhân 2.0 GHz &4 nhân 1.1 GHz";"Full HD (1080 x 1920 pixels)";TGDD;"Android Marshmallow"
88;"OPPO A71 (2018)";3690000;"2 GB";"16 GB";"Qualcomm Snapdragon 450 8 nhân 64-bit";2;"13 MP";"5 MP";"3000 mAh";"5.2";https://www.thegioididong.com/dtdd/oppo-a71-2018;"1.8 GHz";"HD (720 x 1280 pixels)";TGDD;"Android Nougat"
89;"Xiaomi Redmi 4X";3690000;"3 GB";"32 GB";"Snapdragon 435 8 nhân 64-bit";2;"13 MP";"5 MP";"4100 mAh";"5";https://www.thegioididong.com/dtdd/xiaomi-redmi-4x;"1.4 GHz";"HD (720 x 1280 pixels)";TGDD;"Android Nougat"
90;"Xiaomi Redmi Note 5A Prime";3690000;"3 GB";"32 GB";"Snapdragon 435 8 nhân 64-bit";2;"13 MP";"16 MP";"3080 mAh";"5.5";https://www.thegioididong.com/dtdd/xiaomi-redmi-note-5a-prime;"1.4 GHz";"HD (720 x 1280 pixels)";TGDD;"Android Nougat"
91;"Huawei Y7 Prime";3690000;"3 GB";"32 GB";"Snapdragon 435 8 nhân 64-bit";2;"12 MP";"8 MP";"4000 mAh";"5.5";https://www.thegioididong.com/dtdd/huawei-y7-prime;"1.4 GHz";"HD (720 x 1280 pixels)";TGDD;"Android Nougat"
92;"Sony Xperia L1";3590000;"2 GB";"16 GB";"MT6737T, 4 nhân";2;"13 MP";"5 MP";"2620 mAh";"5.5";https://www.thegioididong.com/dtdd/sony-xperia-l1;"1.4 GHz";"HD (720 x 1280 pixels)";TGDD;"Android Nougat"
93;"Vivo Y55s";3490000;"2 GB";"16 GB";"Qualcomm Snapdragon 425 4 nhân 64-bit";2;"13 MP";"5 MP";"2730 mAh";"5.2";https://www.thegioididong.com/dtdd/vivo-1610-y55s;"1.4 GHz";"HD (720 x 1280 pixels)";TGDD;"Funtouch OS nền tảng Android"
94;"Samsung Galaxy J2 Pro (2018)";3290000;"1.5 GB";"16 GB";"Qualcomm Snapdragon 425 4 nhân 64-bit";2;"8 MP";"5 MP";"2600 mAh";"5";https://www.thegioididong.com/dtdd/samsung-galaxy-j2-pro-2018;"1.4 GHz";"qHD (540 x 960 pixels)";TGDD;"Android Nougat"
95;"OPPO A71k (2018)";3290000;"2 GB";"16 GB";"Qualcomm Snapdragon 450 8 nhân 64-bit";2;"13 MP";"5 MP";"3000 mAh";"5.2";https://www.thegioididong.com/dtdd/oppo-a71-mau-xanh-2018;"1.8 GHz";"HD (720 x 1280 pixels)";TGDD;"ColorOS Android"
96;"Huawei Y6 Prime (2018)";3290000;"2 GB";"16 GB";"Qualcomm Snapdragon 425 4 nhân 64-bit";2;"13 MP";"8 MP";"3000 mAh";"5.7";https://www.thegioididong.com/dtdd/huawei-y6-prime-2018;"1.4 GHz";"HD+ (720 x 1440 Pixels)";TGDD;"Android Oreo"
97;"OPPO A37 (A37fw)";3290000;"2 GB";"16 GB";"Qualcomm Snapdragon 410 4 nhân 64-bit";2;"8 MP";"5 MP";"2630 mAh";"5";https://www.thegioididong.com/dtdd/oppo-a37-a37fw;"1.2 GHz";"HD (720 x 1280 pixels)";TGDD;"Android Lollipop"
98;"Mobiistar Zumbo S2 Dual";3290000;"3 GB";"32 GB";"MT6737T, 4 nhân";3;"13 MP";"13 MP và 8 MP";"3000 mAh";"5.5";https://www.thegioididong.com/dtdd/mobiistar-zumbo-s2-dual;"1.4 GHz";"Full HD (1080 x 1920 pixels)";TGDD;"Android Nougat"
99;"Vivo Y53";3090000;"2 GB";"16 GB";"Qualcomm Snapdragon 425 4 nhân 64-bit";2;"8 MP";"5 MP";"2500 mAh";"5";https://www.thegioididong.com/dtdd/vivo-1606-y53;"1.4 GHz";"qHD (540 x 960 pixels)";TGDD;"Funtouch OS nền tảng Android"
100;"Mobiistar E Selfie";2990000;"2 GB";"16 GB";"MediaTek MT6739 4 nhân 64-bit";2;"13 MP";"13 MP";"3900 mAh";"6.0";https://www.thegioididong.com/dtdd/mobiistar-e-selfie;"1.5 GHz";"HD+ (720 x 1440 Pixels)";TGDD;"Android Nougat"
101;"Nokia 3";2790000;"2 GB";"16 GB";"MT6737 4 nhân";2;"8 MP";"8 MP";"2630 mAh";"5";https://www.thegioididong.com/dtdd/nokia-3;"1.3 GHz";"HD (720 x 1280 pixels)";TGDD;"Android Nougat"
102;"Huawei Y5 2017";2790000;"2 GB";"16 GB";"MT6737T, 4 nhân";2;"8 MP";"5 MP";"3000 mAh";"5";https://www.thegioididong.com/dtdd/huawei-y5-2017;"1.4 GHz";"HD (720 x 1280 pixels)";TGDD;"Android Marshmallow"
103;"Philips S329";2790000;"3 GB";"16 GB";"Mediatek MT6750 8 nhân";2;"13 MP";"5 MP";"3000 mAh";"5";https://www.thegioididong.com/dtdd/philips-s329;"1.5 GHz";"HD (720 x 1280 pixels)";TGDD;"Android Nougat"
104;"Samsung Galaxy J2 Prime";2690000;"1.5 GB";"8 GB";"MT6737 4 nhân";2;"8 MP";"5 MP";"2600 mAh";"5";https://www.thegioididong.com/dtdd/samsung-galaxy-j2-prime;"1.4 GHz";"DVGA (540 x 960 pixels)";TGDD;"Android Marshmallow"
105;"Mobiistar Zumbo S2";2390000;"3 GB";"16 GB";"MT6737T, 4 nhân";2;"13 MP";"13 MP";"3000 mAh";"5.5";https://www.thegioididong.com/dtdd/mobiistar-lai-zumbo-s2;"1.4 GHz";"Full HD (1080 x 1920 pixels)";TGDD;"Android Nougat"
106;"Mobiistar Lai Zumbo S (2017)";2590000;"2 GB";"16 GB";"MT6737 4 nhân";2;"8 MP";"8 MP";"4000 mAh";"5.5";https://www.thegioididong.com/dtdd/mobiistar-zumbo-s-2017;"1.25 GHz";"HD (720 x 1280 pixels)";TGDD;"Android Nougat"
107;"Motorola Moto C Plus";2590000;"2 GB";"16 GB";"MT6737 4 nhân";2;"8 MP";"2 MP";"4000 mAh";"5";https://www.thegioididong.com/dtdd/motorola-moto-c-plus;"1.3 GHz";"HD (720 x 1280 pixels)";TGDD;"Android Nougat"
108;"Asus Zenfone Live ZB501KL";2390000;"2 GB";"16 GB";"Qualcomm Snapdragon 400 4 nhân 32-bit";2;"13 MP";"5 MP";"2650 mAh";"5";https://www.thegioididong.com/dtdd/asus-zenfone-live-zb501kl;"1.4 GHz";"HD (720 x 1280 pixels)";TGDD;"Android Marshmallow"
109;"Mobell Nova P3";2390000;"2 GB";"16 GB";"MT6580 4 nhân 32-bit";2;"8 MP";"8 MP";"3250 mAh";"5.5";https://www.thegioididong.com/dtdd/mobell-nova-p3;"1.3 GHz";"HD (720 x 1280 pixels)";TGDD;"Android Nougat"
110;"Philips S327";2390000;"2 GB";"16 GB";"MT6737 4 nhân";2;"8 MP";"5 MP";"3000 mAh";"5.5";https://www.thegioididong.com/dtdd/philips-s327;"1.3 GHz";"HD (720 x 1280 pixels)";TGDD;"Android Nougat"
111;"Mobiistar Zumbo J2";2350000;"2 GB";"16 GB";"MT6737 4 nhân";2;"13 MP";"13 MP";"3000 mAh";"5.2";https://www.thegioididong.com/dtdd/mobiistar-zumbo-j2;"1.25 GHz";"HD (720 x 1280 pixels)";TGDD;"Android Nougat"
112;"Nokia 2";2190000;"1 GB";"8 GB";"Qualcomm Snapdragon 212 4 nhân 32-bit";2;"8 MP";"5 MP";"4100 mAh";"5";https://www.thegioididong.com/dtdd/nokia-2;"1.3 GHz";"HD (720 x 1280 pixels)";TGDD;"Android Nougat"
113;"Itel P51";2090000;"1 GB";"16 GB";"MT6580 4 nhân 32-bit";2;"8 MP";"2 MP";"5000 mAh";"5.5";https://www.thegioididong.com/dtdd/itel-p51;"1.3 GHz";"HD (720 x 1280 pixels)";TGDD;"Android Nougat"
114;"Mobell Nova F7 Pro";2090000;"2 GB";"16 GB";"MT6580 4 nhân 32-bit";2;"8 MP";"5 MP";"2100 mAh";"5";https://www.thegioididong.com/dtdd/mobell-nova-f7-pro;"1.3 GHz";"HD (720 x 1280 pixels)";TGDD;"Android Marshmallow"
115;"Mobiistar Lai Zumbo S Lite (2017)";1990000;"1 GB";"8 GB";"MT6737 4 nhân";2;"8 MP";"5 MP";"4000 mAh";"5.5";https://www.thegioididong.com/dtdd/mobiistar-zumbo-s-lite-2017;"1.25 GHz";"HD (720 x 1280 pixels)";TGDD;"Android Nougat"
116;"Itel S31";1990000;"1 GB";"16 GB";"MT6580 4 nhân 32-bit";2;"5 MP";"5 MP";"2400 mAh";"5.5";https://www.thegioididong.com/dtdd/itel-s31;"1.3 GHz";"HD (720 x 1280 pixels)";TGDD;"Android Marshmallow"
117;"Motorola Moto C 4G";1990000;"1 GB";"16 GB";"MT6737 4 nhân";2;"5 MP";"2 MP";"2350 mAh";"5";https://www.thegioididong.com/dtdd/motorola-moto-c-4g;"1.1 GHz";"FWVGA (480 x 854 Pixels)";TGDD;"Android Nougat"
118;"Huawei Y3 2017";1790000;"1 GB";"8 GB";"MT6580M 4 nhân 32-bit";2;"8 MP";"2 MP";"2200 mAh";"5";https://www.thegioididong.com/dtdd/huawei-y3-2017;"1.3 GHz";"FWVGA (480 x 854 Pixels)";TGDD;"Android Marshmallow"
119;"Itel S11 Plus";1790000;"2 GB";"8 GB";"MT6580M 4 nhân 32-bit";2;"5 MP";"5 MP";"2400 mAh";"5";https://www.thegioididong.com/dtdd/itel-s11-plus;"1.3 GHz";"FWVGA (480 x 854 Pixels)";TGDD;"Android Marshmallow"
120;"Mobell Nova i6";1690000;"1 GB";"8 GB";"MT6580 4 nhân 32-bit";2;"8 MP";"2 MP";"2100 mAh";"5";https://www.thegioididong.com/dtdd/mobell-nova-i6;"1.3 GHz";"HD (720 x 1280 pixels)";TGDD;"Android Lollipop"
121;"Nokia 8110 4G";1680000;"512 MB";"4 GB";"Qualcomm Snapdragon 205 Mobile Platform";1;"2 MP";Không;"1500 mAh";"2.4";https://www.thegioididong.com/dtdd/nokia-8110-4g;"1.1 GHz";"QVGA (320 x 240 Pixels)";TGDD;KaiOS
122;"Mobiistar Zumbo Power";1650000;"1 GB";"8 GB";"MT6580 4 nhân 32-bit";2;"5 MP";"5 MP";"4000 mAh";"5.2";https://www.thegioididong.com/dtdd/mobiistar-zumbo-power;"1.3 GHz";"FWVGA (480 x 854 Pixels)";TGDD;"Android Nougat"
123;"Nokia 1";1590000;"1 GB";"8 GB";"MT6737 4 nhân";2;"5 MP";"2 MP";"2150 mAh";"4.5";https://www.thegioididong.com/dtdd/nokia-1;"1.1 GHz";"FWVGA (480 x 854 Pixels)";TGDD;"Android Go Edition"
124;"Mobell S50";1590000;"1 GB";"16 GB";"Spreadtrum SC7731 4 nhân 32-bit";2;"5 MP";"5 MP";"2700 mAh";"5";https://www.thegioididong.com/dtdd/mobell-s50;"1.2 GHz";"FWVGA (480 x 854 Pixels)";TGDD;"Android Nougat"
125;"Itel it1516 Plus";1550000;"1 GB";"8 GB";"Spreadtrum SC7731 4 nhân 32-bit";2;"5 MP";"2 MP";"5000 mAh";"5";https://www.thegioididong.com/dtdd/itel-it1516-plus;"1.2 GHz";"FWVGA (480 x 854 Pixels)";TGDD;"Android Lollipop"
126;"Mobiistar Lai Yuna 1";1550000;"1 GB";"8 GB";"MT6580 4 nhân 32-bit";2;"8 MP";"5 MP";"2300 mAh";"5";https://www.thegioididong.com/dtdd/mobiistar-lai-yuna-1;"1.3 GHz";"HD (1334 x 750 Pixels)";TGDD;"Android Nougat"
127;"Mobell Nova i4";1490000;"1 GB";"8 GB";"MT6580 4 nhân 32-bit";2;"8 MP";"5 MP";"3300 mAh";"5";https://www.thegioididong.com/dtdd/mobell-nova-i4;"1.3 GHz";"HD (720 x 1280 pixels)";TGDD;"Android Marshmallow"
128;"Mobiistar Lai Zoro 3";1350000;"1 GB";"8 GB";"MediaTek MT6580 4 nhân 32-bit";2;"5 MP";"2 MP";"2000 mAh";"5";https://www.thegioididong.com/dtdd/mobiistar-lai-zoro-3;"1.3 GHz";"FWVGA (480 x 854 Pixels)";TGDD;"Android Marshmallow"
129;"Mobell S40";1350000;"1 GB";"8 GB";"Spreadtrum SC7731 4 nhân 32-bit";2;"5 MP";"5 MP";"2600 mAh";"5";https://www.thegioididong.com/dtdd/mobell-s40;"1.2 GHz";"FWVGA (480 x 854 Pixels)";TGDD;"Android Nougat"
130;"Itel it1508 Plus";1290000;"1 GB";"8 GB";"Spreadtrum SC7731 4 nhân 32-bit";2;"5 MP";"2 MP";"2400 mAh";"5";https://www.thegioididong.com/dtdd/itel-it1508-plus;"4 nhân 1.2 GHz";"FWVGA (480 x 854 Pixels)";TGDD;"Android Lollipop"
131;"Mobiistar Lai Z2";1190000;"1 GB";"8 GB";"MT6580 4 nhân 32-bit";2;"5 MP";"2 MP";"2000 mAh";"5";https://www.thegioididong.com/dtdd/mobiistar-lai-z2;"1.3 GHz";"FWVGA (480 x 854 Pixels)";TGDD;"Android Nougat"
132;"Itel A13";1090000;"512 MB";"8 GB";"Spreadtrum SC7731 4 nhân 32-bit";2;"5 MP";"2 MP";"2400 mAh";"5";https://www.thegioididong.com/dtdd/itel-a13;"1.2 GHz";"FWVGA (480 x 854 Pixels)";TGDD;"Android Marshmallow"
133;"Mobell S30";990000;"512 MB";"4 GB";"Cortex-A7 4 nhân 32-bit";2;"2 MP";"VGA (0.3 MP)";"2000 mAh";"4.5";https://www.thegioididong.com/dtdd/mobell-s30;"1.3 GHz";"FWVGA (480 x 854 Pixels)";TGDD;"Android Marshmallow"
134;"Mobiistar Lai Z1";990000;"512 MB";"8 GB";"MTK 6572 2 nhân 32-bit";2;"5 MP";"VGA (0.3 MP)";"2300 mAh";"5";https://www.thegioididong.com/dtdd/mobiistar-lai-z1;"1.3 GHz";"FWVGA (480 x 854 Pixels)";TGDD;"Android KitKat"
135;"Apple iPhone X 64GB Chính hãng (mã VN/A)";29990000;"3 GB";"64 GB";"Apple A11 Bionic APL1W72";3;"12 MP (f/1.8, 28mm) + 12 MP (f/2.4, 52mm), tự động lấy nét nhận diện theo giai đoạn, 2x zoom quang học, OIS, 4 LED flash (2 tone)";"7 MP (f/2.2, 32mm), 1080p@30fps, 720p@240fps, nhận diện khuôn mặt, HDR";NULL;"5.8";https://cellphones.com.vn/apple-iphone-x-64-gb-chinh-hang-vn.html;"2x 2.39 GHz Monsoon & 4x 2.39 GHz Mistral";"1125 x 2436 pixels";CellphoneS;iOS
136;"Apple iPhone X 256GB";28690000;"3 GB";"256 GB";"Apple A11 Bionic APL1W72";3;"12 MP (f/1.8, 28mm) + 12 MP (f/2.4, 52mm), tự động lấy nét nhận diện theo giai đoạn, 2x zoom quang học, OIS, 4 LED flash (2 tone)";"7 MP (f/2.2, 32mm), 1080p@30fps, 720p@240fps, nhận diện khuôn mặt, HDR";NULL;"5.8";https://cellphones.com.vn/apple-iphone-x-256-gb.html;"2x 2.39 GHz Monsoon & 4x 2.39 GHz Mistral";"1125 x 2436 pixels";CellphoneS;iOS
137;"Apple iPhone 8 Plus 256GB Chính hãng (PRODUCT)RED Special Edition";25990000;"3 GB";"256 GB";"Apple A11 Bionic APL1W72";3;"12 MP (f/1.8, 28mm, OIS) + 12 MP (f/2.8, 57mm), tự động lấy nét nhận diện theo giai đoạn, zoom quang 2x, 4 LED flash (2 tone)";"7 MP (f/2.2, 32mm), 1080p@30fps, 720p@240fps, nhận diện khuôn mặt, HDR";NULL;"5.5";https://cellphones.com.vn/iphone-8-plus-256-gb-chinh-hang-red.html;"2x 2.39 GHz Monsoon & 4x 2.39 GHz Mistral";"1080 x 1920 pixels";CellphoneS;iOS
138;"Apple iPhone X 64GB";24390000;"3 GB";"64 GB";"Apple A11 Bionic APL1W72";3;"12 MP (f/1.8, 28mm) + 12 MP (f/2.4, 52mm), tự động lấy nét nhận diện theo giai đoạn, 2x zoom quang học, OIS, 4 LED flash (2 tone)";"7 MP (f/2.2, 32mm), 1080p@30fps, 720p@240fps, nhận diện khuôn mặt, HDR";NULL;"5.8";https://cellphones.com.vn/apple-iphone-x-64-gb.html;"2x 2.39 GHz Monsoon & 4x 2.39 GHz Mistral";"1125 x 2436 pixels";CellphoneS;iOS
139;"Apple iPhone X 64GB (Đã kích hoạt)";23890000;"3 GB";"64 GB";"Apple A11 Bionic APL1W72";3;"12 MP (f/1.8, 28mm) + 12 MP (f/2.4, 52mm), tự động lấy nét nhận diện theo giai đoạn, 2x zoom quang học, OIS, 4 LED flash (2 tone)";"7 MP (f/2.2, 32mm), 1080p@30fps, 720p@240fps, nhận diện khuôn mặt, HDR";NULL;"5.8";https://cellphones.com.vn/apple-iphone-x-64-gb-at.html;"2x 2.39 GHz Monsoon & 4x 2.39 GHz Mistral";"1125 x 2436 pixels";CellphoneS;iOS
140;"Apple iPhone 8 Plus 256GB";23790000;"3 GB";"256 GB";"Apple A11 Bionic APL1W72";3;"12 MP (f/1.8, 28mm, OIS) + 12 MP (f/2.8, 57mm), tự động lấy nét nhận diện theo giai đoạn, zoom quang 2x, 4 LED flash (2 tone)";"7 MP, f/2.2, 1080p@30fps, 720p@240fps, nhận diện khuôn mặt, HDR, panorama";NULL;"5.5";https://cellphones.com.vn/apple-iphone-8-plus-256-gb.html;"2x 2.39 GHz Monsoon & 4x 2.39 GHz Mistral";"1080 x 1920 pixels";CellphoneS;iOS
141;"Apple iPhone 8 Plus 256GB (PRODUCT)RED Special Edition";23290000;"3 GB";"256 GB";"Apple A11 Bionic APL1W72";3;"12 MP (f/1.8, 28mm, OIS) + 12 MP (f/2.8, 57mm), tự động lấy nét nhận diện theo giai đoạn, zoom quang 2x, 4 LED flash (2 tone)";"7 MP (f/2.2, 32mm), 1080p@30fps, 720p@240fps, nhận diện khuôn mặt, HDR";NULL;"5.5";https://cellphones.com.vn/iphone-8-plus-256-gb-red.html;"2x 2.39 GHz Monsoon & 4x 2.39 GHz Mistral";"1080 x 1920 pixels";CellphoneS;iOS
142;"Apple iPhone 8 Plus 256GB (Đã kích hoạt)";22990000;"3 GB";"256 GB";"Apple A11 Bionic APL1W72";3;"12 MP (f/1.8, 28mm, OIS) + 12 MP (f/2.8, 57mm), tự động lấy nét nhận diện theo giai đoạn, zoom quang 2x, 4 LED flash (2 tone)";"7 MP, f/2.2, 1080p@30fps, 720p@240fps, nhận diện khuôn mặt, HDR, panorama";NULL;"5.5";https://cellphones.com.vn/apple-iphone-8-plus-256-gb-at.html;"2x 2.39 GHz Monsoon & 4x 2.39 GHz Mistral";"1080 x 1920 pixels";CellphoneS;iOS
143;"Apple iPhone 8 256GB Chính hãng (PRODUCT)RED Special Edition";22590000;"2 GB";"64 GB";"Apple A11 Bionic APL1W72";2;"12 MP (f/1.8, 28mm), tự động lấy nét nhận diện theo giai đoạn, OIS, 4 LED flash (2 tone)";"7 MP, f/2.2, 1080p@30fps, 720p@240fps, nhận diện khuôn mặt, HDR, panorama";NULL;"4.7";https://cellphones.com.vn/iphone-8-256-gb-chinh-hang-red.html;"2x 2.39 GHz Monsoon & 4x 2.39 GHz Mistral";"750 x 1334 pixels";CellphoneS;iOS
144;"Apple iPhone 8 256GB (Đã kích hoạt)";19999000;"2 GB";"256 GB";"Apple A11 Bionic APL1W72";2;"12 MP (f/1.8, 28mm), tự động lấy nét nhận diện theo giai đoạn, OIS, 4 LED flash (2 tone)";"7 MP, f/2.2, 1080p@30fps, 720p@240fps, nhận diện khuôn mặt, HDR, panorama";NULL;"4.7";https://cellphones.com.vn/apple-iphone-8-256-gb-at.html;"2x 2.39 GHz Monsoon & 4x 2.39 GHz Mistral";"750 x 1334 pixels";CellphoneS;iOS
145;"Apple iPhone 8 256GB";19990000;"2 GB";"256 GB";"Apple A11 Bionic APL1W72";2;"12 MP (f/1.8, 28mm), tự động lấy nét nhận diện theo giai đoạn, OIS, 4 LED flash (2 tone)";"7 MP, f/2.2, 1080p@30fps, 720p@240fps, nhận diện khuôn mặt, HDR, panorama";NULL;"4.7";https://cellphones.com.vn/apple-iphone-8-256-gb.html;"2x 2.39 GHz Monsoon & 4x 2.39 GHz Mistral";"750 x 1334 pixels";CellphoneS;iOS
146;"Sony Xperia XZ2 Chính hãng";19990000;"4 GB";"64 GB";"Qualcomm MSM8998 Snapdragon 845";2;"19 MP (f/2.0, 25mm, 1/2.3", 1.22 µm), EIS (con quay hồi chuyển), tiên đoán nhận diện theo giai đoạn và tự động lấy nét laser, LED flash";"5 MP (f/2.2, 1/5"), EIS (con quay hồi chuyển), 1080p";NULL;"5.7";https://cellphones.com.vn/sony-xperia-xz2-chinh-hang.html;"4x 2.8 GHz Kryo 385 Gold & 4x 1.8 GHz Kryo 385 Silver";"1080 x 2160 pixels";CellphoneS;Android
147;"Samsung Galaxy S9 Chính hãng";19990000;"4 GB";"64 GB";"Samsung Exynos 9 9810";2;"12 MP (f/1.5-2.4, 26mm, 1/2.5", 1.4 µm, Dual Pixel PDAF), tự động lấy nét nhận diện theo giai đoạn, OIS, LED flash";"8 MP, f/1.6, tự động lấy nét, 1440p, gọi video kép, HDR tự động";NULL;"5.8";https://cellphones.com.vn/samsung-galaxy-s9-chinh-hang.html;"4x 2.9 GHz Exynos M3 Mongoose & 4x 1.9 GHz ARM Cortex-A55";"1440 x 2960 pixels";CellphoneS;Android
148;"Apple iPhone 8 Plus 64GB";19990000;"3 GB";"64 GB";"Apple A11 Bionic APL1W72";3;"12 MP (f/1.8, 28mm, OIS) + 12 MP (f/2.8, 57mm), tự động lấy nét nhận diện theo giai đoạn, zoom quang 2x, 4 LED flash (2 tone)";"7 MP (f/2.2, 32mm), 1080p@30fps, 720p@240fps, nhận diện khuôn mặt, HDR";NULL;"5.5";https://cellphones.com.vn/apple-iphone-8-plus-64-gb.html;"2x 2.39 GHz Monsoon & 4x 2.39 GHz Mistral";"1080 x 1920 pixels";CellphoneS;iOS
149;"Samsung Galaxy S9 Chính hãng (Citibank)";19990000;"4 GB";"64 GB";"Samsung Exynos 9 9810";2;"12 MP (f/1.5-2.4, 26mm, 1/2.5", 1.4 µm, Dual Pixel PDAF), tự động lấy nét nhận diện theo giai đoạn, OIS, LED flash";"8 MP, f/1.6, tự động lấy nét, 1440p, gọi video kép, HDR tự động";NULL;"5.8";https://cellphones.com.vn/samsung-galaxy-s9-chinh-hang-citi.html;"4x 2.9 GHz Exynos M3 Mongoose & 4x 1.9 GHz ARM Cortex-A55";"1440 x 2960 pixels";CellphoneS;Android
150;"Apple iPhone 8 Plus 64GB (Đã kích hoạt)";19790000;"3 GB";"64 GB";"Apple A11 Bionic APL1W72";3;"12 MP (f/1.8, 28mm, OIS) + 12 MP (f/2.8, 57mm), tự động lấy nét nhận diện theo giai đoạn, zoom quang 2x, 4 LED flash (2 tone)";"7 MP (f/2.2, 32mm), 1080p@30fps, 720p@240fps, nhận diện khuôn mặt, HDR";NULL;"5.5";https://cellphones.com.vn/apple-iphone-8-plus-64-gb-at.html;"2x 2.39 GHz Monsoon & 4x 2.39 GHz Mistral";"1080 x 1920 pixels";CellphoneS;iOS
151;"Apple iPhone 7 Plus 256GB";19690000;"3 GB";"256 GB";"Apple A10 Fusion APL1W24";3;"12 MP (f/1.8, 28mm, 1/3", OIS) + 12 MP (f/2.8, 56mm, 1/3.6"), tự động lấy nét nhận diện theo giai đoạn, 2x zoom quang học, 4 LED flash (2 tone)";"7 MP (f/2.2, 32mm), 1080p@30fps, 720p@240fps, nhận diện khuôn mặt, HDR";NULL;"5.5";https://cellphones.com.vn/iphone-7-plus-256-gb.html;"2x 2.34 GHz Hurricane & 2x 2.34 GHz Zephyr";"1080 x 1920 pixels";CellphoneS;iOS
152;"Apple iPhone 8 64GB Chính hãng (PRODUCT)RED Special Edition";19590000;"2 GB";"64 GB";"Apple A11 Bionic APL1W72";2;"12 MP (f/1.8, 28mm), tự động lấy nét nhận diện theo giai đoạn, OIS, 4 LED flash (2 tone)";"7 MP, f/2.2, 1080p@30fps, 720p@240fps, nhận diện khuôn mặt, HDR, panorama";NULL;"4.7";https://cellphones.com.vn/iphone-8-64-gb-chinh-hang-red.html;"2x 2.39 GHz Monsoon & 4x 2.39 GHz Mistral";"750 x 1334 pixels";CellphoneS;iOS
153;"Apple iPhone 7 Plus 128GB";19390000;"3 GB";"128 GB";"Apple A10 Fusion APL1W24";3;"12 MP (f/1.8, 28mm, 1/3", OIS) + 12 MP (f/2.8, 56mm, 1/3.6"), tự động lấy nét nhận diện theo giai đoạn, 2x zoom quang học, 4 LED flash (2 tone)";"7 MP (f/2.2, 32mm), 1080p@30fps, 720p@240fps, nhận diện khuôn mặt, HDR";NULL;"5.5";https://cellphones.com.vn/iphone-7-plus-128-gb.html;"2x 2.34 GHz Hurricane & 2x 2.34 GHz Zephyr";"1080 x 1920 pixels";CellphoneS;iOS
154;"Apple iPhone 8 Plus 64GB (PRODUCT)RED Special Edition";19290000;"3 GB";"64 GB";"Apple A11 Bionic APL1W72";3;"12 MP (f/1.8, 28mm, OIS) + 12 MP (f/2.8, 57mm), tự động lấy nét nhận diện theo giai đoạn, zoom quang 2x, 4 LED flash (2 tone)";"7 MP (f/2.2, 32mm), 1080p@30fps, 720p@240fps, nhận diện khuôn mặt, HDR";NULL;"5.5";https://cellphones.com.vn/iphone-8-plus-64-gb-red.html;"2x 2.39 GHz Monsoon & 4x 2.39 GHz Mistral";"1080 x 1920 pixels";CellphoneS;iOS
155;"Samsung Galaxy S8+ Chính hãng";17990000;"4 GB";"64 GB";"Samsung Exynos 9 Octa 8895";2;"12 MP (f/1.7, 26mm, 1/2.5", 1.4 µm, Dual Pixel PDAF), tự động lấy nét nhận diện theo giai đoạn, OIS, LED flash";"8 MP (f/1.7, 25mm, 1/3.6", 1.22 µm), tự động lấy nét, 1440p@30fps, gọi video kép, HDR tự dộng";NULL;"6.2";https://cellphones.com.vn/galaxy-s8plus-cty.html;"4x 2.3 GHz Exynos M2 Mongoose & 4x 1.7 GHz ARM Cortex-A53";"1440 x 2960 pixels";CellphoneS;Android
156;"Apple iPhone 7 Plus 128GB (Certified Pre-Owned)";17690000;"3 GB";"128 GB";"Apple A10 Fusion APL1W24";3;"12 MP (f/1.8, 28mm, 1/3", OIS) + 12 MP (f/2.8, 56mm, 1/3.6"), tự động lấy nét nhận diện theo giai đoạn, 2x zoom quang học, 4 LED flash (2 tone)";"7 MP (f/2.2, 32mm), 1080p@30fps, 720p@240fps, nhận diện khuôn mặt, HDR";NULL;"5.5";https://cellphones.com.vn/iphone-7-plus-128-gb-cpo.html;"2x 2.34 GHz Hurricane & 2x 2.34 GHz Zephyr";"1080 x 1920 pixels";CellphoneS;iOS
157;"Apple iPhone 8 256GB (Đổi bảo hành - Chưa active - VN/A)";17590000;"2 GB";"256 GB";"Apple A11 Bionic APL1W72";2;"12 MP (f/1.8, 28mm), tự động lấy nét nhận diện theo giai đoạn, OIS, 4 LED flash (2 tone)";"7 MP, f/2.2, 1080p@30fps, 720p@240fps, nhận diện khuôn mặt, HDR, panorama";NULL;"4.7";https://cellphones.com.vn/apple-iphone-8-256-gb-bhvn.html;"2x 2.39 GHz Monsoon & 4x 2.39 GHz Mistral";"750 x 1334 pixels";CellphoneS;iOS
158;"Apple iPhone 8 64GB";17590000;"2 GB";"64 GB";"Apple A11 Bionic APL1W72";2;"12 MP (f/1.8, 28mm), tự động lấy nét nhận diện theo giai đoạn, OIS, 4 LED flash (2 tone)";"7 MP, f/2.2, 1080p@30fps, 720p@240fps, nhận diện khuôn mặt, HDR, panorama";NULL;"4.7";https://cellphones.com.vn/apple-iphone-8-64-gb.html;"2x 2.39 GHz Monsoon & 4x 2.39 GHz Mistral";"750 x 1334 pixels";CellphoneS;iOS
159;"Apple iPhone 7 Plus 128GB (Đã kích hoạt)";17490000;"3 GB";"128 GB";"Apple A10 Fusion APL1W24";3;"12 MP (f/1.8, 28mm, 1/3", OIS) + 12 MP (f/2.8, 56mm, 1/3.6"), tự động lấy nét nhận diện theo giai đoạn, 2x zoom quang học, 4 LED flash (2 tone)";"7 MP (f/2.2, 32mm), 1080p@30fps, 720p@240fps, nhận diện khuôn mặt, HDR";NULL;"5.5";https://cellphones.com.vn/iphone-7-plus-128-gb-at.html;"2x 2.34 GHz Hurricane & 2x 2.34 GHz Zephyr";"1080 x 1920 pixels";CellphoneS;iOS
160;"Apple iPhone 7 Plus 256GB (Đổi bảo hành - Chưa active - VN/A)";18490000;"3 GB";"256 GB";"Apple A10 Fusion APL1W24";3;"12 MP (f/1.8, 28mm, 1/3", OIS) + 12 MP (f/2.8, 56mm, 1/3.6"), tự động lấy nét nhận diện theo giai đoạn, 2x zoom quang học, 4 LED flash (2 tone)";"7 MP (f/2.2, 32mm), 1080p@30fps, 720p@240fps, nhận diện khuôn mặt, HDR";NULL;"5.5";https://cellphones.com.vn/iphone-7-plus-256-gb-bhvn.html;"2x 2.34 GHz Hurricane & 2x 2.34 GHz Zephyr";"1080 x 1920 pixels";CellphoneS;iOS
161;"Apple iPhone 8 64GB (Đã kích hoạt)";17290000;"2 GB";"64 GB";"Apple A11 Bionic APL1W72";2;"12 MP (f/1.8, 28mm), tự động lấy nét nhận diện theo giai đoạn, OIS, 4 LED flash (2 tone)";"7 MP, f/2.2, 1080p@30fps, 720p@240fps, nhận diện khuôn mặt, HDR, panorama";NULL;"4.7";https://cellphones.com.vn/apple-iphone-8-64-gb-at.html;"2x 2.39 GHz Monsoon & 4x 2.39 GHz Mistral";"750 x 1334 pixels";CellphoneS;iOS
162;"Apple iPhone 7 Plus 32GB";17090000;"3 GB";"32 GB";"Apple A10 Fusion APL1W24";3;"12 MP (f/1.8, 28mm, 1/3", OIS) + 12 MP (f/2.8, 56mm, 1/3.6"), tự động lấy nét nhận diện theo giai đoạn, 2x zoom quang học, 4 LED flash (2 tone)";"7 MP (f/2.2, 32mm), 1080p@30fps, 720p@240fps, nhận diện khuôn mặt, HDR";NULL;"5.5";https://cellphones.com.vn/iphone-7-plus-32-gb.html;"2x 2.34 GHz Hurricane & 2x 2.34 GHz Zephyr";"1080 x 1920 pixels";CellphoneS;iOS
163;"Apple iPhone 7 Plus 128GB (Đổi bảo hành - Chưa active - VN/A)";16999000;"3 GB";"128 GB";"Apple A10 Fusion APL1W24";3;"12 MP (f/1.8, 28mm, 1/3", OIS) + 12 MP (f/2.8, 56mm, 1/3.6"), tự động lấy nét nhận diện theo giai đoạn, 2x zoom quang học, 4 LED flash (2 tone)";"7 MP (f/2.2, 32mm), 1080p@30fps, 720p@240fps, nhận diện khuôn mặt, HDR";NULL;"5.5";https://cellphones.com.vn/iphone-7-plus-128-gb-bhvn.html;"2x 2.34 GHz Hurricane & 2x 2.34 GHz Zephyr";"1080 x 1920 pixels";CellphoneS;iOS
164;"Sony Xperia XZ2 Chính hãng (Đã kích hoạt)";16590000;"4 GB";"64 GB";"Qualcomm MSM8998 Snapdragon 845";2;"19 MP (f/2.0, 25mm, 1/2.3", 1.22 µm), EIS (con quay hồi chuyển), tiên đoán nhận diện theo giai đoạn và tự động lấy nét laser, LED flash";"5 MP (f/2.2, 1/5"), EIS (con quay hồi chuyển), 1080p";NULL;"5.7";https://cellphones.com.vn/sony-xperia-xz2-chinh-hang-at.html;"4x 2.8 GHz Kryo 385 Gold & 4x 1.8 GHz Kryo 385 Silver";"1080 x 2160 pixels";CellphoneS;Android
165;"Apple iPhone 8 64GB (Đổi bảo hành - Chưa active - VN/A)";16290000;"2 GB";"64 GB";"Apple A11 Bionic APL1W72";2;"12 MP (f/1.8, 28mm), tự động lấy nét nhận diện theo giai đoạn, OIS, 4 LED flash (2 tone)";"7 MP, f/2.2, 1080p@30fps, 720p@240fps, nhận diện khuôn mặt, HDR, panorama";NULL;"4.7";https://cellphones.com.vn/apple-iphone-8-64-gb-bhvn.html;"2x 2.39 GHz Monsoon & 4x 2.39 GHz Mistral";"750 x 1334 pixels";CellphoneS;iOS
166;"Samsung Galaxy S8 Chính hãng";15990000;"4 GB";"64 GB";"Samsung Exynos 9 Octa 8895";2;"12 MP (f/1.7, 26mm, 1/2.5", 1.4 µm, Dual Pixel PDAF), tự động lấy nét nhận diện theo giai đoạn, OIS, LED flash";"8 MP (f/1.7, 25mm, 1/3.6", 1.22 µm), tự động lấy nét, 1440p@30fps, gọi video kép, HDR tự dộng";NULL;"5.8";https://cellphones.com.vn/galaxy-s8-cty.html;"4x 2.3 GHz Exynos M2 Mongoose & 4x 1.7 GHz ARM Cortex-A53";"1440 x 2960 pixels";CellphoneS;Android
167;"Xiaomi Mi MIX 2 Special Edition Chính hãng";15990000;"8 GB";"128 GB";"Qualcomm MSM8998 Snapdragon 835";2;"12 MP (f/2.0, 1/2.9", 1.25 µm), tự động lấy nét nhận diện theo giai đoạn, OIS (4 trục), LED flash kép (2 tone)";"5 MP, f/2.0, 1080p";NULL;"5.99";https://cellphones.com.vn/xiaomi-mi-mix-2-special-edition-chinh-hang.html;"4x 2.45 GHz Kryo & 4x 1.9 GHz Kryo";"1080 x 2160 pixels";CellphoneS;Android
168;"Apple iPhone 7 Plus 32GB (Đổi bảo hành - Chưa active - VN/A)";14990000;"3 GB";"32 GB";"Apple A10 Fusion APL1W24";3;"12 MP (f/1.8, 28mm, 1/3", OIS) + 12 MP (f/2.8, 56mm, 1/3.6"), tự động lấy nét nhận diện theo giai đoạn, 2x zoom quang học, 4 LED flash (2 tone)";"7 MP (f/2.2, 32mm), 1080p@30fps, 720p@240fps, nhận diện khuôn mặt, HDR";NULL;"5.5";https://cellphones.com.vn/iphone-7-plus-32-gb-bhvn.html;"2x 2.34 GHz Hurricane & 2x 2.34 GHz Zephyr";"1080 x 1920 pixels";CellphoneS;iOS
169;"Apple iPad Pro 10.5 Wi-Fi 64GB (Đã kích hoạt)";14790000;"4 GB";"64 GB";"Apple A10X Fusion APL1071";2;"12 MP (f/1.8, 28mm, 1/3"), tự động lấy nét nhận diện theo giai đoạn, OIS, 4 LED flash (2 tone)";"7 MP (f/2.2, 32mm), 1080p@30fps, 720p@240fps, nhận diện khuôn mặt, HDR, panorama";NULL;"10.5";https://cellphones.com.vn/apple-ipad-pro-10-5-wi-fi-64-gb-at.html;"3x 2.38 GHz Hurricane & 3x 2.38 GHz Zephyr";"1668 x 2224 pixels";CellphoneS;iOS
170;"Sony Xperia XZ Premium Chính hãng";13990000;"4 GB";"64 GB";"Qualcomm MSM8998 Snapdragon 835";2;"19 MP, f/2.0, 25mm, EIS (con quay hồi chuyển), tiên đoán nhận diện theo giai đoạn và tự động lấy nét laser, LED flash";"13 MP, f/2.0, 22mm, kích thước cảm biến 1/3", kích thước điểm ảnh 1.12 µm, 1080p";NULL;"5.46";https://cellphones.com.vn/xperia-xz-premium-cty.html;"4x 2.45 GHz Kryo & 4x 1.9 GHz Kryo";"2160 x 3840 pixels";CellphoneS;Android
171;"Samsung Galaxy A8+ (2018) Chính hãng";13490000;"6 GB";"64 GB";"Samsung Exynos 7 Octa 7885";3;"16 MP, f/1.7, tự động lấy nét nhận diện theo giai đoạn, LED flash";"16 MP + 8 MP, f/1.9, 1080p";NULL;"6.0";https://cellphones.com.vn/samsung-galaxy-a8plus-2018-chinh-hang.html;"2x 2.2 GHz ARM Cortex-A73 & 6x 1.6 GHz ARM Cortex-A53";"1080 x 2220 pixels";CellphoneS;Android
172;"Sony Xperia XZ1 Chính hãng (Đã kích hoạt)";12999000;"4 GB";"64 GB";"Qualcomm MSM8998 Snapdragon 835";2;"19 MP (f/2.0, 25mm, 1/2.3", 1.22 µm), EIS (con quay hồi chuyển), tiên đoán nhận diện theo giai đoạn và tự động lấy nét laser, LED flash";"13 MP (f/2.0, 22mm, 1/3"), EIS (con quay hồi chuyển), 1080p";NULL;"5.2";https://cellphones.com.vn/sony-xperia-xz1-chinh-hang-at.html;"4x 2.35 GHz Kryo & 4x 1.9 GHz Kryo";"1080 x 1920 pixels";CellphoneS;Android
173;"Samsung Galaxy S8 Chính hãng (Đã kích hoạt)";12990000;"4 GB";"64 GB";"Samsung Exynos 9 Octa 8895";2;"12 MP (f/1.7, 26mm, 1/2.5", 1.4 µm, Dual Pixel PDAF), tự động lấy nét nhận diện theo giai đoạn, OIS, LED flash";"8 MP (f/1.7, 25mm, 1/3.6", 1.22 µm), tự động lấy nét, 1440p@30fps, gọi video kép, HDR tự dộng";NULL;"5.8";https://cellphones.com.vn/galaxy-s8-cty-at.html;"4x 2.3 GHz Exynos M2 Mongoose & 4x 1.7 GHz ARM Cortex-A53";"1440 x 2960 pixels";CellphoneS;Android
174;"Apple iPhone 6S Plus 32GB (Certified Pre-Owned)";11990000;"2 GB";"32 GB";"Apple A9 APL1022";2;"12 MP (f/2.2, 29mm, 1/3", 1.22 µm), tự động lấy nét nhận diện theo giai đoạn, OIS, LED flash kép (2 tone)";"5 MP (f/2.2, 31mm), 1080p@30fps, 720p@240fps, nhận diện khuôn mặt, HDR, panorama";NULL;"5.5";https://cellphones.com.vn/iphone-6s-plus-32-gb-cpo.html;"2x 1.84 GHz Twister";"1080 x 1920 pixels";CellphoneS;iOS
175;"Sony Xperia XZ1 Chính hãng";11990000;"4 GB";"64 GB";"Qualcomm MSM8998 Snapdragon 835";2;"19 MP (f/2.0, 25mm, 1/2.3", 1.22 µm), EIS (con quay hồi chuyển), tiên đoán nhận diện theo giai đoạn và tự động lấy nét laser, LED flash";"13 MP (f/2.0, 22mm, 1/3"), EIS (con quay hồi chuyển), 1080p";NULL;"5.2";https://cellphones.com.vn/sony-xperia-xz1-chinh-hang.html;"4x 2.35 GHz Kryo & 4x 1.9 GHz Kryo";"1080 x 1920 pixels";CellphoneS;Android
176;"Apple iPhone 6S Plus 32GB (Đổi bảo hành - Chưa active - VN/A)";11190000;"2 GB";"32 GB";"Apple A9 APL1022";2;"12 MP (f/2.2, 29mm, 1/3", 1.22 µm), tự động lấy nét nhận diện theo giai đoạn, OIS, LED flash kép (2 tone)";"5 MP (f/2.2, 31mm), 1080p@30fps, 720p@240fps, nhận diện khuôn mặt, HDR, panorama";NULL;"5.5";https://cellphones.com.vn/iphone-6s-plus-32-gb-bhvn.html;"2x 1.84 GHz Twister";"1080 x 1920 pixels";CellphoneS;iOS
177;"Samsung Galaxy A8+ (2018) Chính hãng (Đã kích hoạt)";11090000;"6 GB";"64 GB";"Samsung Exynos 7 Octa 7885";3;"16 MP, f/1.7, tự động lấy nét nhận diện theo giai đoạn, LED flash";"16 MP + 8 MP, f/1.9, 1080p";NULL;"6.0";https://cellphones.com.vn/samsung-galaxy-a8plus-2018-chinh-hang-at.html;"2x 2.2 GHz ARM Cortex-A73 & 6x 1.6 GHz ARM Cortex-A53";"1080 x 2220 pixels";CellphoneS;Android
178;"Apple iPhone 6S Plus 64GB cũ (99%)";10990000;"2 GB";"64 GB";"Apple A9 APL1022";2;"12 MP (f/2.2, 29mm, 1/3", 1.22 µm), tự động lấy nét nhận diện theo giai đoạn, OIS, LED flash kép (2 tone)";"5 MP (f/2.2, 31mm), 1080p@30fps, 720p@240fps, nhận diện khuôn mặt, HDR, panorama";NULL;"5.5";https://cellphones.com.vn/iphone-6s-plus-64-gb-cu.html;"2x 1.84 GHz Twister";"1080 x 1920 pixels";CellphoneS;iOS
179;"Samsung Galaxy A8 (2018) Chính hãng";10990000;"4 GB";"32 GB";"Samsung Exynos 7 Octa 7885";3;"16 MP, f/1.7, tự động lấy nét nhận diện theo giai đoạn, LED flash";"16 MP + 8 MP, f/1.9, 1080p";NULL;"5.6";https://cellphones.com.vn/samsung-galaxy-a8-2018-chinh-hang.html;"2x 2.2 GHz ARM Cortex-A73 & 6x 1.6 GHz ARM Cortex-A53";"1080 x 2220 pixels";CellphoneS;Android
180;"Samsung Galaxy S8 Chính hãng cũ (99%)";0;"4 GB";"64 GB";"Samsung Exynos 9 Octa 8895";2;"12 MP (f/1.7, 26mm, 1/2.5", 1.4 µm, Dual Pixel PDAF), tự động lấy nét nhận diện theo giai đoạn, OIS, LED flash";"8 MP (f/1.7, 25mm, 1/3.6", 1.22 µm), tự động lấy nét, 1440p@30fps, gọi video kép, HDR tự dộng";NULL;"5.8";https://cellphones.com.vn/galaxy-s8-cty-cu.html;"4x 2.3 GHz Exynos M2 Mongoose & 4x 1.7 GHz ARM Cortex-A53";"1440 x 2960 pixels";CellphoneS;Android
181;"OPPO F7 128GB Chính hãng";9990000;"6 GB";"128 GB";"Mediatek Helio P60";2;"16 MP, f/1.8, tự động lấy nét nhận diện theo giai đoạn, LED flash";"25 MP, f/2.0";NULL;"6.23";https://cellphones.com.vn/oppo-f7-128-gb-chinh-hang.html;"4x 2.0 GHz Cortex-A73 & 4x 2.0 GHz Cortex-A53";"1080 x 2280 pixels";CellphoneS;Android
182;"Apple iPhone 6S Plus 32GB cũ (95%)";0;"2 GB";"32 GB";"Apple A9 APL1022";2;"12 MP (f/2.2, 29mm, 1/3", 1.22 µm), tự động lấy nét nhận diện theo giai đoạn, OIS, LED flash kép (2 tone)";"5 MP (f/2.2, 31mm), 1080p@30fps, 720p@240fps, nhận diện khuôn mặt, HDR, panorama";NULL;"5.5";https://cellphones.com.vn/iphone-6s-plus-32-gb-95-cu.html;"2x 1.84 GHz Twister";"1080 x 1920 pixels";CellphoneS;iOS
183;"Honor 10 Chính hãng";9990000;"4 GB";"128 GB";"Hisilicon Kirin 970";3;"16 MP (f/1.8) + 24 MP B/W, tự động lấy nét nhận diện theo giai đoạn, LED flash";"24 MP, f/2.0, 1080p";NULL;"5.84";https://cellphones.com.vn/honor-10-chinh-hang.html;"4x 2.36 GHz ARM Cortex-A73 & 4x 1.84 GHz ARM Cortex-A53";"1080 x 2280 pixels";CellphoneS;Android
184;"Apple iPhone 6S Plus 64GB cũ (95%)";9890000;"2 GB";"64 GB";"Apple A9 APL1022";2;"12 MP (f/2.2, 29mm, 1/3", 1.22 µm), tự động lấy nét nhận diện theo giai đoạn, OIS, LED flash kép (2 tone)";"5 MP (f/2.2, 31mm), 1080p@30fps, 720p@240fps, nhận diện khuôn mặt, HDR, panorama";NULL;"5.5";https://cellphones.com.vn/iphone-6s-plus-64-gb-95-cu.html;"2x 1.84 GHz Twister";"1080 x 1920 pixels";CellphoneS;iOS
185;"Apple iPhone 6S Plus 16GB (Đổi bảo hành - Chưa active - VN/A)";9290000;"2 GB";"16 GB";"Apple A9 APL1022";2;"12 MP (f/2.2, 29mm, 1/3", 1.22 µm), tự động lấy nét nhận diện theo giai đoạn, OIS, LED flash kép (2 tone)";"5 MP (f/2.2, 31mm), 1080p@30fps, 720p@240fps, nhận diện khuôn mặt, HDR, panorama";NULL;"5.5";https://cellphones.com.vn/iphone-6s-plus-16-gb-bhvn.html;"2x 1.84 GHz Twister";"1080 x 1920 pixels";CellphoneS;iOS
186;"Samsung Galaxy A6+ (Plus) Chính hãng";8990000;"4 GB";"32 GB";"Qualcomm SDM450 Snapdragon 450";3;"16 MP (f/1.7) + 5 MP (f/1.9), tự động lấy nét nhận diện theo giai đoạn, LED flash";"24 MP (f/1.9), LED flash";NULL;"6.0";https://cellphones.com.vn/samsung-galaxy-a6plus-chinh-hang.html;"8x 1.8 GHz Cortex-A53";"1080 x 2220 pixels";CellphoneS;Android
187;"Apple iPhone 6S 16GB (Certified Pre-Owned)";8790000;"2 GB";"16 GB";"Apple A9 APL0898";2;"12 MP (f/2.2, 29mm, 1/3", 1.22 µm), tự động lấy nét nhận diện theo giai đoạn, LED flash kép (2 tone)";"5 MP (f/2.2, 31mm), 1080p@30fps, 720p@240fps, nhận diện khuôn mặt, HDR, panorama";NULL;"4.7";https://cellphones.com.vn/iphone-6s-16-gb-cpo.html;"2x 1.84 GHz Twister";"750 x 1334 pixels";CellphoneS;iOS
188;"Apple iPhone 6S Plus 16GB (Đổi bảo hành - Chưa active)";8590000;"2 GB";"16 GB";"Apple A9 APL1022";2;"12 MP (f/2.2, 29mm, 1/3", 1.22 µm), tự động lấy nét nhận diện theo giai đoạn, OIS, LED flash kép (2 tone)";"5 MP (f/2.2, 31mm), 1080p@30fps, 720p@240fps, nhận diện khuôn mặt, HDR, panorama";NULL;"5.5";https://cellphones.com.vn/iphone-6s-plus-16-gb-bh.html;"2x 1.84 GHz Twister";"1080 x 1920 pixels";CellphoneS;iOS
189;"Apple iPhone 6S 64GB cũ (99%)";8490000;"2 GB";"64 GB";"Apple A9 APL0898";2;"12 MP (f/2.2, 29mm, 1/3", 1.22 µm), tự động lấy nét nhận diện theo giai đoạn, LED flash kép (2 tone)";"5 MP (f/2.2, 31mm), 1080p@30fps, 720p@240fps, nhận diện khuôn mặt, HDR, panorama";NULL;"4.7";https://cellphones.com.vn/iphone-6s-64-gb-cu.html;"2x 1.84 GHz Twister";"750 x 1334 pixels";CellphoneS;iOS
190;"Apple iPhone 6S Plus 16GB cũ (99%)";8290000;"2 GB";"16 GB";"Apple A9 APL1022";2;"12 MP (f/2.2, 29mm, 1/3", 1.22 µm), tự động lấy nét nhận diện theo giai đoạn, OIS, LED flash kép (2 tone)";"5 MP (f/2.2, 31mm), 1080p@30fps, 720p@240fps, nhận diện khuôn mặt, HDR, panorama";NULL;"5.5";https://cellphones.com.vn/iphone-6s-plus-16-gb-cu.html;"2x 1.84 GHz Twister";"1080 x 1920 pixels";CellphoneS;iOS
191;"Apple iPhone 6 Plus 64GB cũ (99%)";8290000;"1 GB";"64 GB";"Apple A8 APL1011";2;"8 MP (f/2.2, 29mm, 1/3", 1.5 µm), tự động lấy nét nhận diện theo giai đoạn, OIS, LED flash kép (2 tone)";"1.2 MP (f/2.2, 31mm), 720p@30fps, nhận diện khuôn mặt, HDR, FaceTime";NULL;"5.5";https://cellphones.com.vn/iphone-6-plus-64-gb-cu.html;"2x 1.4 GHz Typhoon (nền tảng ARM v8)";"1080 x 1920 pixels";CellphoneS;iOS
192;"Apple iPhone 6S 64GB cũ (95%)";8090000;"2 GB";"64 GB";"Apple A9 APL0898";2;"12 MP (f/2.2, 29mm, 1/3", 1.22 µm), tự động lấy nét nhận diện theo giai đoạn, LED flash kép (2 tone)";"5 MP (f/2.2, 31mm), 1080p@30fps, 720p@240fps, nhận diện khuôn mặt, HDR, panorama";NULL;"4.7";https://cellphones.com.vn/iphone-6s-64-gb-95-cu.html;"2x 1.84 GHz Twister";"750 x 1334 pixels";CellphoneS;iOS
193;"Nokia 8 Chính hãng (Đã kích hoạt)";7990000;"4 GB";"64 GB";"Qualcomm MSM8998 Snapdragon 835";2;"2x 13 MP (f/2.0, 1.12 µm), tự động lấy nét nhận diện theo giai đoạn & laser, ống kính Carl Zeiss, OIS, LED flash kép (2 tone)";"13 MP (f/2.0, 1.12 µm), 2160p, PDAF";NULL;"5.3";https://cellphones.com.vn/nokia-8-chinh-hang-at.html;"4x 2.5 GHz Kryo & 4x 1.8 GHz Kryo";"1440 x 2560 pixels";CellphoneS;Android
194;"OPPO F7 Chính hãng";7990000;"4 GB";"64 GB";"Mediatek Helio P60";2;"16 MP, f/1.8, tự động lấy nét nhận diện theo giai đoạn, LED flash";"25 MP, f/2.0";NULL;"6.23";https://cellphones.com.vn/oppo-f7-chinh-hang.html;"4x 2.0 GHz Cortex-A73 & 4x 2.0 GHz Cortex-A53";"1080 x 2280 pixels";CellphoneS;Android
195;"Vivo V7+ Chính hãng";7990000;"4 GB";"64 GB";"Qualcomm Snapdragon 450";2;"16 MP, f/2.0, tự động lấy nét nhận diện theo giai đoạn, LED flash";"24 MP, f/2.0";NULL;"5.99";https://cellphones.com.vn/vivo-v7plus-chinh-hang.html;"8x 1.8 GHz Cortex-A53";"720 x 1440 pixels";CellphoneS;Android
196;"Apple iPhone 6S 16GB (Đổi bảo hành - Chưa active - VN/A)";7990000;"2 GB";"16 GB";"Apple A9 APL0898";2;"12 MP (f/2.2, 29mm, 1/3", 1.22 µm), tự động lấy nét nhận diện theo giai đoạn, LED flash kép (2 tone)";"5 MP (f/2.2, 31mm), 1080p@30fps, 720p@240fps, nhận diện khuôn mặt, HDR, panorama";NULL;"4.7";https://cellphones.com.vn/iphone-6s-16-gb-bhvn.html;"2x 1.84 GHz Twister";"750 x 1334 pixels";CellphoneS;iOS
197;"Apple iPhone 6 Plus 64GB cũ (95%)";7890000;"1 GB";"64 GB";"Apple A8 APL1011";2;"8 MP (f/2.2, 29mm, 1/3", 1.5 µm), tự động lấy nét nhận diện theo giai đoạn, OIS, LED flash kép (2 tone)";"1.2 MP (f/2.2, 31mm), 720p@30fps, nhận diện khuôn mặt, HDR, FaceTime";NULL;"5.5";https://cellphones.com.vn/iphone-6-plus-64-gb-95-cu.html;"2x 1.4 GHz Typhoon (nền tảng ARM v8)";"1080 x 1920 pixels";CellphoneS;iOS
198;"Apple iPhone 6S Plus 16GB cũ (95%)";7890000;"2 GB";"16 GB";"Apple A9 APL1022";2;"12 MP (f/2.2, 29mm, 1/3", 1.22 µm), tự động lấy nét nhận diện theo giai đoạn, OIS, LED flash kép (2 tone)";"5 MP (f/2.2, 31mm), 1080p@30fps, 720p@240fps, nhận diện khuôn mặt, HDR, panorama";NULL;"5.5";https://cellphones.com.vn/iphone-6s-plus-16-gb-95-cu.html;"2x 1.84 GHz Twister";"1080 x 1920 pixels";CellphoneS;iOS
199;"Apple iPhone 6S 64GB cũ (90%)";7790000;"2 GB";"64 GB";"Apple A9 APL0898";2;"12 MP (f/2.2, 29mm, 1/3", 1.22 µm), tự động lấy nét nhận diện theo giai đoạn, LED flash kép (2 tone)";"5 MP (f/2.2, 31mm), 1080p@30fps, 720p@240fps, nhận diện khuôn mặt, HDR, panorama";NULL;"4.7";https://cellphones.com.vn/iphone-6s-64-gb-90-cu.html;"2x 1.84 GHz Twister";"750 x 1334 pixels";CellphoneS;iOS
200;"Apple iPhone 6S 16GB (Đã kích hoạt)";7590000;"2 GB";"16 GB";"Apple A9 APL0898";2;"12 MP (f/2.2, 29mm, 1/3", 1.22 µm), tự động lấy nét nhận diện theo giai đoạn, LED flash kép (2 tone)";"5 MP (f/2.2, 31mm), 1080p@30fps, 720p@240fps, nhận diện khuôn mặt, HDR, panorama";NULL;"4.7";https://cellphones.com.vn/iphone-6s-16-gb-at.html;"2x 1.84 GHz Twister";"750 x 1334 pixels";CellphoneS;iOS
201;"Apple iPhone 6 Plus 16GB (Đổi bảo hành - Chưa active)";7690000;"1 GB";"16 GB";"Apple A8 APL1011";2;"8 MP (f/2.2, 29mm, 1/3", 1.5 µm), tự động lấy nét nhận diện theo giai đoạn, OIS, LED flash kép (2 tone)";"1.2 MP (f/2.2, 31mm), 720p@30fps, nhận diện khuôn mặt, HDR, FaceTime";NULL;"5.5";https://cellphones.com.vn/iphone-6-plus-16-gb-bh.html;"2x 1.4 GHz Typhoon (nền tảng ARM v8)";"1080 x 1920 pixels";CellphoneS;iOS
202;"Apple iPhone 6 32GB Chính hãng (Đã kích hoạt)";7390000;"1 GB";"32 GB";"Apple A8 APL1011";2;"8 MP (f/2.2, 29mm, 1/3", 1.5 µm), tự động lấy nét nhận diện theo giai đoạn, LED flash kép (2 tone)";"1.2 MP (f/2.2, 31mm), 720p@30fps, nhận diện khuôn mặt, HDR, FaceTime";NULL;"4.7";https://cellphones.com.vn/iphone-6-32-gb-cty-at.html;"2x 1.4 GHz Typhoon (nền tảng ARM v8)";"750 x 1334 pixels";CellphoneS;iOS
203;"OPPO F5 6GB Chính hãng (Đã kích hoạt)";7390000;"6 GB";"64 GB";"Mediatek MT6763T Helio P23";2;"13 MP, f/2.2, tự động lấy nét nhận diện theo giai đoạn, LED flash";"16 MP, f/2.0, kích thước cảm biến 1/2.8";NULL;"6.0";https://cellphones.com.vn/oppo-f5-6-gb-chinh-hang-at.html;"4x 2.3 GHz Cortex-A53 & 4x 1.6 GHz Cortex-A53";"1080 x 2160 pixels";CellphoneS;Android
204;"Apple iPhone 6 128GB cũ (99%)";7190000;"1 GB";"128 GB";"Apple A8 APL1011";2;"8 MP (f/2.2, 29mm, 1/3", 1.5 µm), tự động lấy nét nhận diện theo giai đoạn, LED flash kép (2 tone)";"1.2 MP (f/2.2, 31mm), 720p@30fps, nhận diện khuôn mặt, HDR, FaceTime";NULL;"4.7";https://cellphones.com.vn/iphone-6-128-gb-cu.html;"2x 1.4 GHz Typhoon (nền tảng ARM v8)";"750 x 1334 pixels";CellphoneS;iOS
205;"Motorola Moto G5S Plus 32GB Chính hãng";6990000;"4 GB";"32 GB";"Qualcomm MSM8953 Snapdragon 625";2;"2x 13 MP, f/2.0, tự động lấy nét, LED flash kép (2 tone)";"8 MP, f/2.0, LED flash";NULL;"5.5";https://cellphones.com.vn/motorola-moto-g5s-plus-32-gb-chinh-hang.html;"8x 2.0 GHz Cortex-A53";"1080 x 1920 pixels";CellphoneS;Android
206;"Sony Xperia XA1 Ultra Chính hãng";6990000;"4 GB";"64 GB";"MediaTek Helio P20 (MT6757)";2;"23 MP (f/2.0, 24mm, 1/2.3"), tự động lấy nét nhận diện theo giai đoạn, LED flash";"16 MP (f/2.0, 23mm, 1/2.6"), OIS, tự động lấy nét, LED flash, 1080p";NULL;"6.0";https://cellphones.com.vn/xperia-xa1-ultra-cty.html;"4x 2.3 GHz ARM Cortex-A53 & 4x 1.6 GHz ARM Cortex-A53";"1080 x 1920 pixels";CellphoneS;Android
207;"OPPO F5 Chính hãng";6990000;"4 GB";"32 GB";"Mediatek MT6763T Helio P23";2;"16 MP, f/1.8, tự động lấy nét nhận diện theo giai đoạn, LED flash";"20 MP, f/2.0, kích thước cảm biến 1/2.8";NULL;"6.0";https://cellphones.com.vn/oppo-f5-chinh-hang.html;"4x 2.3 GHz Cortex-A53 & 4x 1.6 GHz Cortex-A53";"1080 x 2160 pixels";CellphoneS;Android
208;"Samsung Galaxy A6 Chính hãng";6990000;"3 GB";"32 GB";"Exynos 7870 Octa";2;"16 MP (f/1.7), tự độnglấy nét nhận diện theo giai đoạn, LED flash";"16 MP (f/1.9), LED flash";NULL;"5.6";https://cellphones.com.vn/samsung-galaxy-a6-chinh-hang.html;"8x 1.6 GHz Cortex-A53";-;CellphoneS;Android
209;"Huawei nova 3e Chính hãng";6990000;"4 GB";"64 GB";"HiSilicon Kirin 659";3;"16 MP + 2 MP, f/2.2, tự động lấy nét nhận diện theo giai đoạn, LED flash";"16 MP, f/2.0, 1080p";NULL;"5.84";https://cellphones.com.vn/huawei-nova-3e-chinh-hang.html;"4x 2.36 GHz Cortex-A53 & 4x 1.7 GHz Cortex-A53";"1080 x 2280 pixels";CellphoneS;Android
210;"Vivo V7+ Chính hãng (Đã kích hoạt)";6990000;"4 GB";"64 GB";"Qualcomm Snapdragon 450";2;"16 MP, f/2.0, tự động lấy nét nhận diện theo giai đoạn, LED flash";"24 MP, f/2.0";NULL;"5.99";https://cellphones.com.vn/vivo-v7plus-chinh-hang-at.html;"8x 1.8 GHz Cortex-A53";"720 x 1440 pixels";CellphoneS;Android
211;"Sony Xperia XA1 Ultra Chính hãng (Đã kích hoạt)";6790000;"4 GB";"64 GB";"MediaTek Helio P20 (MT6757)";2;"23 MP (f/2.0, 24mm, 1/2.3"), tự động lấy nét nhận diện theo giai đoạn, LED flash";"16 MP (f/2.0, 23mm, 1/2.6"), OIS, tự động lấy nét, LED flash, 1080p";NULL;"6.0";https://cellphones.com.vn/xperia-xa1-ultra-cty-at.html;"4x 2.3 GHz ARM Cortex-A53 & 4x 1.6 GHz ARM Cortex-A53";"1080 x 1920 pixels";CellphoneS;Android
212;"Apple iPhone 6S 16GB cũ (99%)";6490000;"2 GB";"16 GB";"Apple A9 APL0898";2;"12 MP (f/2.2, 29mm, 1/3", 1.22 µm), tự động lấy nét nhận diện theo giai đoạn, LED flash kép (2 tone)";"5 MP (f/2.2, 31mm), 1080p@30fps, 720p@240fps, nhận diện khuôn mặt, HDR, panorama";NULL;"4.7";https://cellphones.com.vn/iphone-6s-16-gb-cu.html;"2x 1.84 GHz Twister";"750 x 1334 pixels";CellphoneS;iOS
213;"Apple iPhone 6 32GB Chính hãng (Mã VN/A)";6490000;"1 GB";"32 GB";"Apple A8 APL1011";2;"8 MP (f/2.2, 29mm, 1/3", 1.5 µm), tự động lấy nét nhận diện theo giai đoạn, LED flash kép (2 tone)";"1.2 MP (f/2.2, 31mm), 720p@30fps, nhận diện khuôn mặt, HDR, FaceTime";NULL;"4.7";https://cellphones.com.vn/iphone-6-32-gb-cty-vn.html;"2x 1.4 GHz Typhoon (nền tảng ARM v8)";"750 x 1334 pixels";CellphoneS;iOS
214;"OPPO F7 Youth Chính hãng";6490000;"4 GB";"64 GB";"Mediatek MT6771 Helio P60";2;"13 MP (f/2.2), tự động lấy nét nhận diện theo giai đoạn, LED flash";"8 MP (f/2.2)";NULL;"6.0";https://cellphones.com.vn/oppo-f7-youth-chinh-hang.html;"4x 2.0 GHz ARM Cortex-A73 & 4x 2.0 GHz ARM Cortex-A53";"1080 x 2160 pixels";CellphoneS;Android
215;"Samsung Galaxy J7 Pro Chính hãng";6090000;"3 GB";"32 GB";"Samsung Exynos 7 Octa 7870";2;"13 MP, f/1.7, tự động lấy nét, LED flash";"13 MP, f/1.9, LED flash, 1080p";NULL;"5.5";https://cellphones.com.vn/samsung-galaxy-j7-pro-chinh-hang.html;"8x 1.6 GHz Cortex-A53";"1080 x 1920 pixels";CellphoneS;Android
216;"Apple iPhone 6S 16GB cũ (95%)";6090000;"2 GB";"16 GB";"Apple A9 APL0898";2;"12 MP (f/2.2, 29mm, 1/3", 1.22 µm), tự động lấy nét nhận diện theo giai đoạn, LED flash kép (2 tone)";"5 MP (f/2.2, 31mm), 1080p@30fps, 720p@240fps, nhận diện khuôn mặt, HDR, panorama";NULL;"4.7";https://cellphones.com.vn/iphone-6s-16-gb-95-cu.html;"2x 1.84 GHz Twister";"750 x 1334 pixels";CellphoneS;iOS
217;"Samsung Galaxy A5 (2017) Chính hãng (Đã kích hoạt)";6090000;NULL;NULL;"Exynos 7880 Octa";2;"16 MP, f/1.9, OIS, tự động lấy nét, LED flash";"16 MP, f/1.9, 1080p";NULL;No;https://cellphones.com.vn/galaxy-a5-2017-cty-at.html;"Octa-core 1.9 GHz Cortex-A53";No;CellphoneS;No
218;"OPPO F5 Youth Chính hãng";5990000;"3 GB";"32 GB";"MediaTek Helio P23 (MT6763T)";2;"13 MP, f/2.2, tự động lấy nét nhận diện theo giai đoạn, LED flash";"16 MP (f/2.0, 2.0 µm)";NULL;"6.0";https://cellphones.com.vn/oppo-f5-youth-chinh-hang.html;"4x 2.3 GHz ARM Cortex-A53 & 4x 1.65 GHz ARM Cortex-A53";"1080 x 2160 pixels";CellphoneS;Android
219;"Sony Xperia XA1 Plus Chính hãng";5990000;"4 GB";"32 GB";"MediaTek Helio P20 (MT6757)";2;"23 MP (f/2.0, 24mm, 1/2.3"), tự động lấy nét nhận diện theo giai đoạn, LED flash";"8 MP (f/2.0, 23mm, 1/4"), tự động lấy nét, 1080p";NULL;"5.5";https://cellphones.com.vn/sony-xperia-xa1-plus-chinh-hang.html;"4x 2.3 GHz ARM Cortex-A53 & 4x 1.6 GHz ARM Cortex-A53";"1080 x 1920 pixels";CellphoneS;Android
220;"Nokia 6 (2018) 32GB Chính hãng";5990000;"3 GB";"32 GB";"Qualcomm SDM630 Snapdragon 630";2;"16 MP (f/2.0, 1.0 µm), tự động lấy nét theo giai đoạn, ống kính Carl Zeiss, LED flash kép (2 tone)";"8 MP (f/2.0, 1.12 µm), tự động lấy nét, 1080p";NULL;"5.5";https://cellphones.com.vn/nokia-6-2018-chinh-hang.html;"4x 2.2 GHz ARM Cortex-A53 & 4x 1.8 GHz ARM Cortex-A53";"1080 x 1920 pixels";CellphoneS;Android
221;"Apple iPhone 6 64GB cũ (99%)";5690000;"1 GB";"64 GB";"Apple A8 APL1011";2;"8 MP (f/2.2, 29mm, 1/3", 1.5 µm), tự động lấy nét nhận diện theo giai đoạn, LED flash kép (2 tone)";"1.2 MP (f/2.2, 31mm), 720p@30fps, nhận diện khuôn mặt, HDR, FaceTime";NULL;"4.7";https://cellphones.com.vn/iphone-6-64-gb-cu.html;"2x 1.4 GHz Typhoon (nền tảng ARM v8)";"750 x 1334 pixels";CellphoneS;iOS
222;"Apple iPhone 5S 64GB (99%)";5599000;"1 GB";"64 GB";"Apple A7 APL0698";2;"8 MP (f/2.2, 29mm, 1/3", 1.5 µm), tự động lấy nét, LED flash kép (2 tone)";"1.2 MP (f/2.4, 31mm), 720p@30fps, nhận diện khuôn mặt, HDR, FaceTime";NULL;"4.0";https://cellphones.com.vn/iphone-5s-64-gb-cu.html;"2x 1.3 GHz Cyclone (nền tảng ARM v8)";"640 x 1136 pixels";CellphoneS;iOS
223;"Apple iPhone SE 64GB cũ (99%)";5590000;"2 GB";"64 GB";"Apple A9 APL0898";2;"12 MP (f/2.2, 29mm, 1/3", 1.22 µm), tự động lấy nét theo giai đoạn, LED flash kép (2 tone)";"1.2 MP (f/2.4, 31mm), 720p@30fps, nhận diện khuôn mặt, HDR, FaceTime";NULL;"4.0";https://cellphones.com.vn/iphone-se-64-gb-cu.html;"2x 1.84 GHz Twister";"640 x 1136 pixels";CellphoneS;iOS
224;"OPPO F3 Lite Chính hãng (A57)";5490000;"3 GB";"32 GB";"Qualcomm MSM8940 Snapdragon 435";2;"13 MP, f/2.2, tự động lấy nét nhận diện theo giai đoạn, LED flash";"16 MP, f/2.0, kích thước điểm ảnh 1.12 µm, 1080p";NULL;"5.2";https://cellphones.com.vn/oppo-f3-lite-chinh-hang.html;"4x 1.4 GHz ARM Cortex-A53 & 4x 1.1 GHz ARM Cortex-A53";"720 x 1280 pixels";CellphoneS;Android
225;"Xiaomi Mi A1 64GB Chính hãng (Mi 5X)";5490000;"4 GB";"64 GB";"Qualcomm MSM8953 Snapdragon 625";3;"12 MP (f/2.2, 26mm, 1.25 µm) + 12 MP (f/2.6, 50mm, 1 µm), tự động lấy nét nhận diện theo giai đoạn, zoom quang học 2x, LED flash kép (2 tone)";"5 MP, 1080p";NULL;"5.5";https://cellphones.com.vn/xiaomi-mi-a1-chinh-hang.html;"8x 2.0 GHz Cortex-A53";"1080 x 1920 pixels";CellphoneS;Android
226;"Apple iPhone 5S 64GB cũ (95%)";5399000;"1 GB";"64 GB";"Apple A7 APL0698";2;"8 MP (f/2.2, 29mm, 1/3", 1.5 µm), tự động lấy nét, LED flash kép (2 tone)";"1.2 MP (f/2.4, 31mm), 720p@30fps, nhận diện khuôn mặt, HDR, FaceTime";NULL;"4.0";https://cellphones.com.vn/iphone-5s-64-gb-95-cu.html;"2x 1.3 GHz Cyclone (nền tảng ARM v8)";"640 x 1136 pixels";CellphoneS;iOS
227;"Samsung Galaxy J7+ Chính hãng (Đã kích hoạt)";0;"4 GB";"32 GB";"MediaTek Helio P25 Lite (MT6757T)";3;"13 MP, f/1.7 & 5 MP f/1.9, tự động lấy nét, LED flash";"16 MP, f/1.9, 1080p";NULL;"5.5";https://cellphones.com.vn/samsung-galaxy-j7plus-chinh-hang-at.html;"4x 2.39 GHz ARM Cortex-A53 & 4x 1.6 GHz ARM Cortex-A53";"1080 x 1920 pixels";CellphoneS;Android
228;"OPPO F5 Chính hãng (Đã kích hoạt)";0;"4 GB";"32 GB";"Mediatek MT6763T Helio P23";2;"16 MP, f/1.8, tự động lấy nét nhận diện theo giai đoạn, LED flash";"20 MP, f/2.0, kích thước cảm biến 1/2.8";NULL;"6.0";https://cellphones.com.vn/oppo-f5-chinh-hang-at.html;"4x 2.3 GHz Cortex-A53 & 4x 1.6 GHz Cortex-A53";"1080 x 2160 pixels";CellphoneS;Android
229;"Sony Xperia XA1 Plus Chính hãng (Đã kích hoạt)";5290000;"4 GB";"32 GB";"MediaTek Helio P20 (MT6757)";2;"23 MP (f/2.0, 24mm, 1/2.3"), tự động lấy nét nhận diện theo giai đoạn, LED flash";"8 MP (f/2.0, 23mm, 1/4"), tự động lấy nét, 1080p";NULL;"5.5";https://cellphones.com.vn/sony-xperia-xa1-plus-chinh-hang-at.html;"4x 2.3 GHz ARM Cortex-A53 & 4x 1.6 GHz ARM Cortex-A53";"1080 x 1920 pixels";CellphoneS;Android
230;"Samsung Galaxy J6 Chính hãng";5290000;"3 GB";"32 GB";"Samsung Exynos 7 Octa 7870";2;"13 MP (f/1.9, 28mm), tự động lấy nét, LED flash";"8 MP, f/1.9, LED flash";NULL;"5.6";https://cellphones.com.vn/samsung-galaxy-j6-chinh-hang.html;"8x 1.6 GHz Cortex-A53";"720 x 1480 pixels";CellphoneS;Android
231;"Huawei nova 3e Chính hãng (Đã kích hoạt)";0;"4 GB";"64 GB";"HiSilicon Kirin 659";3;"16 MP + 2 MP, f/2.2, tự động lấy nét nhận diện theo giai đoạn, LED flash";"16 MP, f/2.0, 1080p";NULL;"5.84";https://cellphones.com.vn/huawei-nova-3e-chinh-hang-at.html;"4x 2.36 GHz Cortex-A53 & 4x 1.7 GHz Cortex-A53";"1080 x 2280 pixels";CellphoneS;Android
232;"Apple iPhone 6 64GB cũ (95%)";5090000;"1 GB";"64 GB";"Apple A8 APL1011";2;"8 MP (f/2.2, 29mm, 1/3", 1.5 µm), tự động lấy nét nhận diện theo giai đoạn, LED flash kép (2 tone)";"1.2 MP (f/2.2, 31mm), 720p@30fps, nhận diện khuôn mặt, HDR, FaceTime";NULL;"4.7";https://cellphones.com.vn/iphone-6-64-gb-95-cu.html;"2x 1.4 GHz Typhoon (nền tảng ARM v8)";"750 x 1334 pixels";CellphoneS;iOS
233;"Samsung Galaxy J7 Prime Chính hãng";4990000;"3 GB";"32 GB";"Samsung Exynos 7 Octa 7870";2;"13 MP (f/1.9, 28mm), tự động lấy nét, LED flash";"8 MP, f/1.9";NULL;"5.5";https://cellphones.com.vn/galaxy-j7-prime-cty.html;"8x 1.6 GHz Cortex-A53";"1080 x 1920 pixels";CellphoneS;Android
234;"Nokia 6 Chính hãng";4990000;"3 GB";"32 GB";"Qualcomm MSM8937 Snapdragon 430";2;"16 MP (f/2.0, 1.0 µm), tự động lấy nét nhận diện, theo giai đoạn, LED flash kép (2 tone)";"8 MP (f/2.0, 1.12 µm), tự động lấy nét, 1080p";NULL;"5.5";https://cellphones.com.vn/nokia-6-cty.html;"4x 1.4 GHz ARM Cortex-A53 & 4x 1.1 GHz ARM Cortex-A53";"1080 x 1920 pixels";CellphoneS;Android
235;"Xiaomi Mi A1 32GB Chính hãng (Mi 5X)";4990000;"4 GB";"32 GB";"Qualcomm MSM8953 Snapdragon 625";3;"12 MP (f/2.2, 26mm, 1.25 µm) + 12 MP (f/2.6, 50mm, 1 µm), tự động lấy nét nhận diện theo giai đoạn, zoom quang học 2x, LED flash kép (2 tone)";"5 MP, 1080p";NULL;"5.5";https://cellphones.com.vn/xiaomi-mi-a1-32-gb-chinh-hang.html;"8x 2.0 GHz Cortex-A53";"1080 x 1920 pixels";CellphoneS;Android
236;"Huawei nova 2i Chính hãng";4990000;"4 GB";"64 GB";"HiSilicon Kirin 659";4;"16 MP + 2 MP, f/2.2, tự động lấy nét nhận diện theo giai đoạn, LED flash";"13 MP + 2 MP, f/2.0, 720p@30fps";NULL;"5.8";https://cellphones.com.vn/huawei-nova-2i-chinh-hang.html;"4x 2.36 GHz Cortex-A53 & 4x 1.7 GHz Cortex-A53";"1080 x 2160 pixels";CellphoneS;Android
237;"OPPO A83 Chính hãng";4990000;"3 GB";"32 GB";"Mediatek MT6763T Helio P23";2;"13 MP, f/2.2, tự động lấy nét nhận diện theo giai đoạn, LED flash";"8 MP, f/2.2,";NULL;"5.7";https://cellphones.com.vn/oppo-a83-chinh-hang.html;"4x 2.5 GHz ARM Cortex-A53 & 4x 1.6 GHz ARM Cortex-A53";"720 x 1440 pixels";CellphoneS;Android
238;"Sony Xperia L2 Chính hãng";4990000;"3 GB";"32 GB";"Mediatek MT6737T";2;"13 MP (f/2.0, 1/3.1"), tự động lấy nét, LED flash";"8 MP (f/2.4, 1/4"), 1080p";NULL;"5.5";https://cellphones.com.vn/sony-xperia-l2-chinh-hang.html;"4x 1.5 GHz Cortex-A53";"720 x 1280 pixels";CellphoneS;Android
239;"Huawei nova 2i Chính hãng (Đã kích hoạt)";4890000;"4 GB";"64 GB";"HiSilicon Kirin 659";4;"16 MP + 2 MP, f/2.2, tự động lấy nét nhận diện theo giai đoạn, LED flash";"13 MP + 2 MP, f/2.0, 720p@30fps";NULL;"5.8";https://cellphones.com.vn/huawei-nova-2i-chinh-hang-at.html;"4x 2.36 GHz Cortex-A53 & 4x 1.7 GHz Cortex-A53";"1080 x 2160 pixels";CellphoneS;Android
240;"OPPO A83 2018 32GB Chính hãng";4890000;"3 GB";"32 GB";"Mediatek MT6763T Helio P23";2;"13 MP, f/2.2, tự động lấy nét nhận diện theo giai đoạn, LED flash";"8 MP, f/2.2";NULL;"5.7";https://cellphones.com.vn/oppo-a83-2018-chinh-hang.html;"4x 2.3 GHz ARM Cortex-A53 & 4x 1.65 GHz ARM Cortex-A53";"720 x 1440 pixels";CellphoneS;Android
241;"Xiaomi Redmi Note 5 Chính hãng";4799000;"3 GB";"32 GB";"Qualcomm SDM636 Snapdragon 636";3;"12 MP (f/1.9, 1.4 μm) + 5 MP (f/2.0, 1.12 μm), tự động lấy nét nhận diện theo giai đoạn, LED flash";"13 MP, LED flash, 1080p";NULL;"5.99";https://cellphones.com.vn/xiaomi-redmi-note-5-pro-chinh-hang.html;"4x 1.8 GHz Kryo 260 & 4x 1.6 GHz Kryo 260";"1080 x 2160 pixels";CellphoneS;Android
242;"Apple iPhone 6 16GB cũ (99%)";4790000;"1 GB";"16 GB";"Apple A8 APL1011";2;"8 MP (f/2.2, 29mm, 1/3", 1.5 µm), tự động lấy nét nhận diện theo giai đoạn, LED flash kép (2 tone)";"1.2 MP (f/2.2, 31mm), 720p@30fps, nhận diện khuôn mặt, HDR, FaceTime";NULL;"4.7";https://cellphones.com.vn/iphone-6-16-gb-cu.html;"2x 1.4 GHz Typhoon (nền tảng ARM v8)";"750 x 1334 pixels";CellphoneS;iOS
243;"Xiaomi Redmi 5 Plus 64GB Chính hãng";4790000;"4 GB";"64 GB";"Qualcomm MSM8953 Snapdragon 625";2;"12 MP (f/2.2, 1.25 μm), tự động lấy nét nhận diện theo giai đoạn, LED flash kép (2 tone)";"5 MP, 1080p";NULL;"5.99";https://cellphones.com.vn/xiaomi-redmi-5-plus-64-gb-chinh-hang.html;"8x 2.0 GHz Cortex-A53";"1080 x 2160 pixels";CellphoneS;Android
244;"OPPO F5 Youth Chính hãng (Đã kích hoạt)";4790000;"3 GB";"32 GB";"MediaTek Helio P23 (MT6763T)";2;"13 MP, f/2.2, tự động lấy nét nhận diện theo giai đoạn, LED flash";"16 MP (f/2.0, 2.0 µm)";NULL;"6.0";https://cellphones.com.vn/oppo-f5-youth-chinh-hang-at.html;"4x 2.3 GHz ARM Cortex-A53 & 4x 1.65 GHz ARM Cortex-A53";"1080 x 2160 pixels";CellphoneS;Android
245;"OPPO A71 Chính hãng";4690000;"3 GB";"16 GB";"Qualcomm SDM 450";2;"13 MP, f/2.2, tự động lấy nét nhận diện theo giai đoạn, LED flash";"5 MP, f/2.4, kích thước điểm ảnh 1.4 µm, 1080p";NULL;"5.2";https://cellphones.com.vn/oppo-a71-chinh-hang.html;"8x 1.8 GHz ARM Cortex-A53";"720 x 1280 pixels";CellphoneS;Android
246;"Apple iPhone 6 64GB cũ (90%)";4690000;"1 GB";"64 GB";"Apple A8 APL1011";2;"8 MP (f/2.2, 29mm, 1/3", 1.5 µm), tự động lấy nét nhận diện theo giai đoạn, LED flash kép (2 tone)";"1.2 MP (f/2.2, 31mm), 720p@30fps, nhận diện khuôn mặt, HDR, FaceTime";NULL;"4.7";https://cellphones.com.vn/iphone-6-64-gb-90-cu.html;"2x 1.4 GHz Typhoon (nền tảng ARM v8)";"750 x 1334 pixels";CellphoneS;iOS
247;"Apple iPhone SE 16GB cũ (99%)";4690000;"2 GB";"16 GB";"Apple A9 APL0898";2;"12 MP (f/2.2, 29mm, 1/3", 1.22 µm), tự động lấy nét theo giai đoạn, LED flash kép (2 tone)";"1.2 MP (f/2.4, 31mm), 720p@30fps, nhận diện khuôn mặt, HDR, FaceTime";NULL;"4.0";https://cellphones.com.vn/iphone-se-16-gb-cu.html;"2x 1.84 GHz Twister";"640 x 1136 pixels";CellphoneS;iOS
248;"ASUS ZenFone Max Plus M1 Chính hãng";4490000;"3 GB";"32 GB";"Mediatek MT6750T";3;"16 MP (f/2.0, 35mm) + 8 MP (17mm, không AF), tự động lấy nét nhận diện theo giai đoạn, LED flash";"8 MP (f/2.0, 25mm)";NULL;"5.7";https://cellphones.com.vn/asus-zenfone-max-plus-m1-chinh-hang.html;"4x 1.5 GHz ARM Cortex-A53 & 4x 1.0 GHz ARM Cortex-A53";"1080 x 2160 pixels";CellphoneS;Android
249;"Apple iPhone 6 16GB cũ (95%)";4490000;"1 GB";"16 GB";"Apple A8 APL1011";2;"8 MP (f/2.2, 29mm, 1/3", 1.5 µm), tự động lấy nét nhận diện theo giai đoạn, LED flash kép (2 tone)";"1.2 MP (f/2.2, 31mm), 720p@30fps, nhận diện khuôn mặt, HDR, FaceTime";NULL;"4.7";https://cellphones.com.vn/iphone-6-16-gb-95-cu.html;"2x 1.4 GHz Typhoon (nền tảng ARM v8)";"750 x 1334 pixels";CellphoneS;iOS
250;"ASUS ZenFone 3 Max ZC553KL Chính hãng (Đã kích hoạt)";4490000;"3 GB";"32 GB";"Qualcomm Snapdragon 430 MSM8937";2;"16 MP, f/2.0, tự động lấy nét, LED flash";"8 MP, f/2.2";NULL;"5.5";https://cellphones.com.vn/zenfone-3-max-zc553kl-cty-at.html;"4x 1.4 GHz ARM Cortex-A53 & 4x 1.1 GHz ARM Cortex-A53";"1080 x 1920 pixels";CellphoneS;Android
251;"Nokia 6 Chính hãng (Đã kích hoạt)";4490000;"3 GB";"32 GB";"Qualcomm MSM8937 Snapdragon 430";2;"16 MP (f/2.0, 1.0 µm), tự động lấy nét nhận diện, theo giai đoạn, LED flash kép (2 tone)";"8 MP (f/2.0, 1.12 µm), tự động lấy nét, 1080p";NULL;"5.5";https://cellphones.com.vn/nokia-6-cty-at.html;"4x 1.4 GHz ARM Cortex-A53 & 4x 1.1 GHz ARM Cortex-A53";"1080 x 1920 pixels";CellphoneS;Android
252;"ASUS ZenFone 4 Selfie ZD553KL Chính hãng";4490000;"4 GB";"64 GB";"Qualcomm MSM8937 Snapdragon 430";3;"16 MP, tự động lấy nét, LED flash kép (2 tone)";"20 MP + 8 MP, LED flash";NULL;"5.5";https://cellphones.com.vn/asus-zenfone-4-selfie-zd553kl-chinh-hang.html;"4x 1.4 GHz Cortex-A53";"720 x 1280 pixels";CellphoneS;Android
253;"Samsung Galaxy J7 Prime Chính hãng (Đã kích hoạt)";4390000;"3 GB";"32 GB";"Samsung Exynos 7 Octa 7870";2;"13 MP (f/1.9, 28mm), tự động lấy nét, LED flash";"8 MP, f/1.9";NULL;"5.5";https://cellphones.com.vn/galaxy-j7-prime-cty-at.html;"8x 1.6 GHz Cortex-A53";"1080 x 1920 pixels";CellphoneS;Android
254;"Huawei Y7 Prime Chính hãng";4290000;"3 GB";"32 GB";"Qualcomm MSM8940 Snapdragon 435";2;"12 MP (f/2.2, 1/2.9", 1.25 µm), tự động lấy nét nhận diện theo giai đoạn, LED flash";"8 MP, f/2.0";NULL;"5.5";https://cellphones.com.vn/huawei-y7-prime-chinh-hang.html;"4x 1.4 GHz ARM Cortex-A53 & 4x 1.1 GHz ARM Cortex-A53";"720 x 1280 pixels";CellphoneS;Android
255;"Honor 9 Lite Chính hãng";4290000;"3 GB";"32 GB";"HiSilicon Kirin 659";4;"13 MP + 2 MP, tự động lấy nét nhận diện theo giai đoạn, LED flash";"13 MP + 2 MP, 1080p";NULL;"5.65";https://cellphones.com.vn/honor-9-lite-chinh-hang.html;"4x 2.36 GHz ARM Cortex-A53 & 4x 1.7 GHz ARM Cortex-A53";"1080 x 2160 pixels";CellphoneS;Android
256;"Nokia 5 Chính hãng";4259000;"2 GB";"16 GB";"Qualcomm MSM8937 Snapdragon 430";2;"13 MP (f/2.0, 1/3", 1.12 µm), tự động lấy nét nhận diện, theo giai đoạn, LED flash kép (2 tone)";"8 MP (f/2.0, 1.12 µm)";NULL;"5.2";https://cellphones.com.vn/nokia-5-cty.html;"4x 1.4 GHz ARM Cortex-A53 & 4x 1.1 GHz ARM Cortex-A53";"720 x 1280 pixels";CellphoneS;Android
257;"OPPO A83 Chính hãng (Đã kích hoạt)";4090000;"3 GB";"32 GB";"Mediatek MT6763T Helio P23";2;"13 MP, f/2.2, tự động lấy nét nhận diện theo giai đoạn, LED flash";"8 MP, f/2.2,";NULL;"5.7";https://cellphones.com.vn/oppo-a83-chinh-hang-at.html;"4x 2.5 GHz ARM Cortex-A53 & 4x 1.6 GHz ARM Cortex-A53";"720 x 1440 pixels";CellphoneS;Android
258;"OPPO F3 Lite Chính hãng (Đã kích hoạt)";4090000;"3 GB";"32 GB";"Qualcomm MSM8940 Snapdragon 435";2;"13 MP, f/2.2, tự động lấy nét nhận diện theo giai đoạn, LED flash";"16 MP, f/2.0, kích thước điểm ảnh 1.12 µm, 1080p";NULL;"5.2";https://cellphones.com.vn/oppo-f3-lite-chinh-hang-at.html;"4x 1.4 GHz ARM Cortex-A53 & 4x 1.1 GHz ARM Cortex-A53";"720 x 1280 pixels";CellphoneS;Android
259;"Vivo Y55 Chính hãng";3990000;"2 GB";"16 GB";"Qualcomm MSM8917 Snapdragon 425";2;"13 MP, f/2.2, tự động lấy nét, LED flash";"5 MP, f/2.2";NULL;"5.2";https://cellphones.com.vn/vivo-y55-cty.html;"4x 1.4 GHz Cortex-A53";"720 x 1280 pixels";CellphoneS;Android
260;"Huawei Y7 Pro 2018 Chính hãng";3990000;"3 GB";"32 GB";"Qualcomm MSM8937 Snapdragon 430";3;"13 MP +2 MP, tự động lấy nét nhận diện theo giai đoạn, LED flash";"8 MP, 1080p";NULL;"5.99";https://cellphones.com.vn/huawei-y7-pro-chinh-hang.html;"8x 1.4 GHz Cortex-A53";"720 x 1440 pixels";CellphoneS;Android
261;"Vivo Y55S Chính hãng";3990000;"2 GB";"16 GB";"Qualcomm MSM8917 Snapdragon 425";2;"13 MP, f/2.2, tự động lấy nét, LED flash";"5 MP, f/2.2";NULL;"5.2";https://cellphones.com.vn/vivo-y55s-chinh-hang.html;"4x 1.4 GHz Cortex-A53";"720 x 1280 pixels";CellphoneS;Android
262;"ASUS ZenFone 4 Max Pro ZC554KL Chính hãng (Đã kích hoạt)";3990000;"3 GB";"32 GB";"Qualcomm MSM8937 Snapdragon 430";3;"16 MP & 5 MP, f/2.0, tự động lấy nét, LED flash";"16 MP, f/2.0, LED flash";NULL;"5.5";https://cellphones.com.vn/asus-zenfone-4-max-pro-zc554kl-chinh-hang-at.html;"4x 1.4 GHz ARM Cortex-A53 & 4x 1.1 GHz ARM Cortex-A53";"720 x 1280 pixels";CellphoneS;Android
263;"Apple iPhone SE 16GB cũ (95%)";3990000;"2 GB";"16 GB";"Apple A9 APL0898";2;"12 MP (f/2.2, 29mm, 1/3", 1.22 µm), tự động lấy nét theo giai đoạn, LED flash kép (2 tone)";"1.2 MP (f/2.4, 31mm), 720p@30fps, nhận diện khuôn mặt, HDR, FaceTime";NULL;"4.0";https://cellphones.com.vn/iphone-se-16-gb-95-cu.html;"2x 1.84 GHz Twister";"640 x 1136 pixels";CellphoneS;iOS
264;"Xiaomi Redmi S2 32GB Chính hãng (Redmi Y2)";3990000;"3 GB";"32 GB";"Qualcomm MSM8953 Snapdragon 625";3;"12 MP (f/2.2, 1.25μm, PDAF) + 5 MP, gyro-EIS, tự động lấy nét nhận diện theo giai đoạn, LED flash";"16 MP (2.0µm), HDR, LED flash";NULL;"5.99";https://cellphones.com.vn/xiaomi-redmi-s2-32-gb-chinh-hang.html;"8x 2.0 GHz Cortex-A53";"720 x 1440 pixels";CellphoneS;Android
265;"Apple iPhone SE 64GB cũ (95%)";4090000;"2 GB";"64 GB";"Apple A9 APL0898";2;"12 MP (f/2.2, 29mm, 1/3", 1.22 µm), tự động lấy nét theo giai đoạn, LED flash kép (2 tone)";"1.2 MP (f/2.4, 31mm), 720p@30fps, nhận diện khuôn mặt, HDR, FaceTime";NULL;"4.7";https://cellphones.com.vn/iphone-se-64-gb-95-cu.html;"2x 1.84 GHz Twister";"640 x 1136 pixels";CellphoneS;iOS
266;"Xiaomi Redmi 5 Plus 32GB Chính hãng";3990000;"3 GB";"32 GB";"Qualcomm MSM8953 Snapdragon 625";2;"12 MP (f/2.2, 1.25 μm), tự động lấy nét nhận diện theo giai đoạn, LED flash kép (2 tone)";"5 MP, 1080p";NULL;"5.99";https://cellphones.com.vn/xiaomi-redmi-5-plus-32-gb-chinh-hang.html;"8x 2.0 GHz Cortex-A53";"1080 x 2160 pixels";CellphoneS;Android
267;"Xiaomi Redmi Note 4 64GB";3890000;NULL;NULL;"Mediatek MT6797 Helio X20";2;"13 MP, f/2.0, tự động lấy nét nhận diện theo giai đoạn, LED flash kép (2 tone)";"5 MP, f/2.0, 1080p";NULL;No;https://cellphones.com.vn/redmi-note-4-64-gb.html;"2x 2.1 GHz ARM Cortex-A72, 4x 2.0 GHz ARM Cortex-A53, 4x 1.4 GHz ARM Cortex-A53";No;CellphoneS;No
268;"Samsung Galaxy J4 Chính hãng";3790000;"2 GB";"16 GB";"Samsung Exynos 7 Quad 7570";2;"13 MP (f/1.9, 28mm), tự động lấy nét, LED flash";"5 MP, f/2.2, LED flash";NULL;"5.5";https://cellphones.com.vn/samsung-galaxy-j4-chinh-hang.html;"4x 1.4 GHz Cortex-A53";"720 x 1280 pixels";CellphoneS;Android
269;"Nokia 5 Chính hãng (Đã kích hoạt)";3690000;"2 GB";"16 GB";"Qualcomm MSM8937 Snapdragon 430";2;"13 MP (f/2.0, 1/3", 1.12 µm), tự động lấy nét nhận diện, theo giai đoạn, LED flash kép (2 tone)";"8 MP (f/2.0, 1.12 µm)";NULL;"5.2";https://cellphones.com.vn/nokia-5-cty-at.html;"4x 1.4 GHz ARM Cortex-A53 & 4x 1.1 GHz ARM Cortex-A53";"720 x 1280 pixels";CellphoneS;Android
270;"Xiaomi Redmi Note 5A Prime 32GB Chính hãng (Redmi Y1)";3690000;"3 GB";"32 GB";"Qualcomm MSM8940 Snapdragon 435";2;"13 MP, f/2.2, tự động lấy nét nhận diện theo giai đoạn, LED flash";"16 MP, f/2.0, 1080p";NULL;"5.5";https://cellphones.com.vn/xiaomi-redmi-note-5a-prime-32-gb-chinh-hang.html;"8x 1.4 GHz Cortex-A53";"720 x 1280 pixels";CellphoneS;Android
271;"OPPO A71 2018 Chính hãng";3690000;"2 GB";"16 GB";"Qualcomm SDM 450";2;"13 MP, f/2.2, tự động lấy nét nhận diện theo giai đoạn, LED flash";"5 MP, f/2.4, kích thước điểm ảnh 1.4 µm, 1080p";NULL;"5.2";https://cellphones.com.vn/oppo-a71-2018-chinh-hang.html;"8x 1.8 GHz ARM Cortex-A53";"720 x 1280 pixels";CellphoneS;Android
272;"Sony Xperia L1 Chính hãng";3590000;"2 GB";"16 GB";"Mediatek MT6737T";2;"13 MP, f/2.2, tự động lấy nét, LED flash";"5 MP (f/2.2, 24 mm), 1080p";NULL;"5.5";https://cellphones.com.vn/sony-xperia-l1-chinh-hang.html;"4x 1.45 GHz Cortex-A53";"720 x 1280 pixels";CellphoneS;Android
273;"Huawei GR5 mini Chính hãng (Đã kích hoạt)";3590000;NULL;NULL;"HiSilicon Kirin 650";2;"13 MP, tự động lấy nét, LED flash";"8 MP, 1080p@30fps";NULL;No;https://cellphones.com.vn/huawei-gr5-mini-cty-at.html;"4x 1.7 GHz Cortex-A53 & 4x 2.0 GHz Cortex-A53";No;CellphoneS;No
274;"Huawei Y7 Prime Chính hãng (Đã kích hoạt)";3499000;"3 GB";"32 GB";"Qualcomm MSM8940 Snapdragon 435";2;"12 MP (f/2.2, 1/2.9", 1.25 µm), tự động lấy nét nhận diện theo giai đoạn, LED flash";"8 MP, f/2.0";NULL;"5.5";https://cellphones.com.vn/huawei-y7-prime-chinh-hang-at.html;"4x 1.4 GHz ARM Cortex-A53 & 4x 1.1 GHz ARM Cortex-A53";"720 x 1280 pixels";CellphoneS;Android
275;"Huawei Y7 Pro 2018 Chính hãng (Đã kích hoạt)";0;"3 GB";"32 GB";"Qualcomm MSM8937 Snapdragon 430";3;"13 MP +2 MP, tự động lấy nét nhận diện theo giai đoạn, LED flash";"8 MP, 1080p";NULL;"5.99";https://cellphones.com.vn/huawei-y7-pro-chinh-hang-at.html;"8x 1.4 GHz Cortex-A53";"720 x 1440 pixels";CellphoneS;Android
276;"ASUS ZenFone 4 Max ZC520KL Chính hãng";3490000;"3 GB";"32 GB";"Qualcomm MSM8917 Snapdragon 425";3;"13 MP + 5 MP, tự động lấy nét, LED flash";"8 MP, LED flash";NULL;"5.2";https://cellphones.com.vn/asus-zenfone-4-max-zc520kl-chinh-hang.html;"4x 1.4 GHz Cortex-A53";"720 x 1280 pixels";CellphoneS;Android
277;"Xiaomi Redmi 5 Plus 32GB Chính hãng (Đã kích hoạt)";3390000;"3 GB";"32 GB";"Qualcomm MSM8953 Snapdragon 625";2;"12 MP (f/2.2, 1.25 μm), tự động lấy nét nhận diện theo giai đoạn, LED flash kép (2 tone)";"5 MP, 1080p";NULL;"5.99";https://cellphones.com.vn/xiaomi-redmi-5-plus-32-gb-chinh-hang-at.html;"8x 2.0 GHz Cortex-A53";"1080 x 2160 pixels";CellphoneS;Android
278;"Vivo Y53 Chính hãng";3390000;"2 GB";"16 GB";"Qualcomm MSM8917 Snapdragon 425";2;"8 MP, f/2.0, tự động lấy nét, LED flash";"5 MP, f/2.2, 1080p";NULL;"5.0";https://cellphones.com.vn/vivo-y53-chinh-hang.html;"4x 1.4 GHz Cortex-A53";"540 x 960 pixels";CellphoneS;Android
279;"OPPO A71k Chính hãng";3290000;"2 GB";"16 GB";"Qualcomm SDM 450";2;"13 MP, f/2.2, tự động lấy nét nhận diện theo giai đoạn, LED flash";"5 MP, f/2.4, kích thước điểm ảnh 1.4 µm, 1080p";NULL;"5.2";https://cellphones.com.vn/oppo-a71k-chinh-hang.html;"8x 1.8 GHz ARM Cortex-A53";"720 x 1280 pixels";CellphoneS;Android
280;"Huawei Y6 Prime Chính hãng";3290000;"2 GB";"16 GB";"Qualcomm MSM8917 Snapdragon 425";2;"13 MP, tự động lấy nét nhận diện theo giai đoạn, LED flash";"5 MP, LED flash";NULL;"5.7";https://cellphones.com.vn/huawei-y6-prime-chinh-hang.html;"4x 1.4 GHz Cortex-A53";"720 x 1440 pixels";CellphoneS;Android
281;"Samsung Galaxy J2 Pro Chính hãng";3290000;"1.5 GB";"16 GB";"Qualcomm MSM8917 Snapdragon 425";2;"8 MP, f/2.2, tự động lấy nét, LED flash";"5 MP, f/2.2, LED flash";NULL;"5.0";https://cellphones.com.vn/samsung-galaxy-j2-pro-chinh-hang.html;"Quad-core 1.4 GHz Cortex-A53";"540 x 960 pixels";CellphoneS;Android
282;"Apple iPhone 5S 32GB cũ (99%)";3290000;"1 GB";"32 GB";"Apple A7 APL0698";2;"8 MP (f/2.2, 29mm, 1/3", 1.5 µm), tự động lấy nét, LED flash kép (2 tone)";"1.2 MP (f/2.4, 31mm), 720p@30fps, nhận diện khuôn mặt, HDR, FaceTime";NULL;"4.0";https://cellphones.com.vn/iphone-5s-32-gb-cu.html;"2x 1.3 GHz Cyclone (nền tảng ARM v8)";"640 x 1136 pixels";CellphoneS;iOS
283;"Apple iPhone 5S 64GB cũ (90%)";3290000;"1 GB";"64 GB";"Apple A7 APL0698";2;"8 MP (f/2.2, 29mm, 1/3", 1.5 µm), tự động lấy nét, LED flash kép (2 tone)";"1.2 MP (f/2.4, 31mm), 720p@30fps, nhận diện khuôn mặt, HDR, FaceTime";NULL;"4.0";https://cellphones.com.vn/iphone-5s-64-gb-90-cu.html;"2x 1.3 GHz Cyclone (nền tảng ARM v8)";"640 x 1136 pixels";CellphoneS;iOS
284;"OPPO A37 Chính hãng (Neo 9)";0;"2 GB";"16 GB";"Qualcomm MSM8916 Snapdragon 410";2;"8 MP (f/2.0, 1/3.2", 1.4 µm), tự động lấy nét, LED flash";"5 MP (f/2.4, 1/4")";NULL;"5.0";https://cellphones.com.vn/oppo-a37-cty.html;"4x 1.2 GHz Cortex-A53";"720 x 1280 pixels";CellphoneS;Android
285;"Xiaomi Redmi 5 32GB Chính hãng";3190000;"3 GB";"32 GB";"Qualcomm Snapdragon 450";2;"12 MP (f/2.2, 1.25 μm), tự động lấy nét nhận diện theo giai đoạn, LED flash";"5 MP, 1080p";NULL;"5.7";https://cellphones.com.vn/xiaomi-redmi-5-32-gb-chinh-hang.html;"8x 1.8 GHz Cortex-A53";"720 x 1440 pixels";CellphoneS;Android
286;"Nokia 3 Chính hãng";2990000;"2 GB";"16 GB";"Mediatek MT6737";2;"8 MP (f/2.0, 1.12 µm), tự động lấy nét, LED flash";"8 MP, f/2.0, tự động lấy nét, 720p";NULL;"5.0";https://cellphones.com.vn/nokia-3-cty.html;"4x 1.4 GHz Cortex-A53";"720 x 1280 pixels";CellphoneS;Android
287;"Huawei Y5 2017 Chính hãng";2790000;"2 GB";"16 GB";"Mediatek MT6737T";2;"8 MP, f/2.0, tự động lấy nét, LED flash kép";"5 MP, LED flash";NULL;"5.0";https://cellphones.com.vn/huawei-y5-2017-chinh-hang.html;"4x 1.4 GHz Cortex-A53";"720 x 1280 pixels";CellphoneS;Android
288;"Xiaomi Redmi 5 32GB Chính hãng (Đã kích hoạt)";2790000;"3 GB";"32 GB";"Qualcomm Snapdragon 450";2;"12 MP (f/2.2, 1.25 μm), tự động lấy nét nhận diện theo giai đoạn, LED flash";"5 MP, 1080p";NULL;"5.7";https://cellphones.com.vn/xiaomi-redmi-5-32-gb-chinh-hang-at.html;"8x 1.8 GHz Cortex-A53";"720 x 1440 pixels";CellphoneS;Android
289;"Xiaomi Redmi 5 16GB Chính hãng";2760000;"2 GB";"16 GB";"Qualcomm Snapdragon 450";2;"12 MP (f/2.2, 1.25 μm), tự động lấy nét nhận diện theo giai đoạn, LED flash";"5 MP, 1080p";NULL;"5.7";https://cellphones.com.vn/xiaomi-redmi-5-16-gb-chinh-hang.html;"8x 1.8 GHz Cortex-A53";"720 x 1440 pixels";CellphoneS;Android
290;"Motorola Moto C Plus Chính hãng";2590000;"2 GB";"16 GB";"Mediatek MT6737";2;"8 MP, f/2.2, tự động lấy nét, LED flash";"2 MP, f/2.8, LED flash";NULL;"5.0";https://cellphones.com.vn/motorola-moto-c-plus-chinh-hang.html;"4x 1.3 GHz Cortex-A53";"720 x 1280 pixels";CellphoneS;Android
291;"Huawei Y5 2017 Chính hãng (Đã kích hoạt)";2200000;"2 GB";"16 GB";"Mediatek MT6737T";2;"8 MP, f/2.0, tự động lấy nét, LED flash kép";"5 MP, LED flash";NULL;"5.0";https://cellphones.com.vn/huawei-y5-2017-chinh-hang-at.html;"4x 1.4 GHz Cortex-A53";"720 x 1280 pixels";CellphoneS;Android
292;"Nokia 2 Chính hãng";2190000;"1 GB";"8 GB";"Qualcomm MSM8909v2 Snapdragon 212";2;"8 MP, tự động lấy nét, LED flash";"5 MP";NULL;"5.0";https://cellphones.com.vn/nokia-2-chinh-hang.html;"4x 1.3 GHz Cortex-A7";"720 x 1280 pixels";CellphoneS;Android
293;"Nokia 3 Chính hãng (Đã kích hoạt)";2390000;"2 GB";"16 GB";"Mediatek MT6737";2;"8 MP (f/2.0, 1.12 µm), tự động lấy nét, LED flash";"8 MP, f/2.0, tự động lấy nét, 720p";NULL;"5.0";https://cellphones.com.vn/nokia-3-cty-at.html;"4x 1.4 GHz Cortex-A53";"720 x 1280 pixels";CellphoneS;Android
294;"Xiaomi Redmi 5A 16GB Chính hãng";1990000;"2 GB";"16 GB";"Qualcomm MSM8917 Snapdragon 425";2;"13 MP, f/2.2, tự động lấy nét nhận diện theo giai đoạn, LED flash";"5 MP, f/2.0";NULL;"5.0";https://cellphones.com.vn/xiaomi-redmi-5a-16-gb-chinh-hang.html;"4x 1.4 GHz Cortex-A53";"720 x 1280 pixels";CellphoneS;Android
295;"Nokia 2 Chính hãng (Đã kích hoạt)";1989000;"1 GB";"8 GB";"Qualcomm MSM8909v2 Snapdragon 212";2;"8 MP, tự động lấy nét, LED flash";"5 MP";NULL;"5.0";https://cellphones.com.vn/nokia-2-chinh-hang-at.html;"4x 1.3 GHz Cortex-A7";"720 x 1280 pixels";CellphoneS;Android
296;"Xiaomi Redmi 5A 16GB Chính hãng (Đã kích hoạt)";1790000;"2 GB";"16 GB";"Qualcomm MSM8917 Snapdragon 425";2;"13 MP, f/2.2, tự động lấy nét nhận diện theo giai đoạn, LED flash";"5 MP, f/2.0";NULL;"5.0";https://cellphones.com.vn/xiaomi-redmi-5a-16-gb-chinh-hang-at.html;"4x 1.4 GHz Cortex-A53";"720 x 1280 pixels";CellphoneS;Android
297;"Nokia 8110 4G Chính hãng";1680000;"512 MB";"4 GB";"Qualcomm MSM8908 Snapdragon 205";1;"2 MP, LED flash";Không;NULL;"2.45";https://cellphones.com.vn/nokia-8110-4g-chinh-hang.html;"2x 1.1 GHz Cortex-A7";"240 x 320 pixels";CellphoneS;Khác
298;"Nokia 1 Chính hãng";1590000;"1 GB";"8 GB";"Mediatek MT6737M";2;"5 MP, LED flash";"2 MP";NULL;"4.5";https://cellphones.com.vn/nokia-1-chinh-hang.html;"4x 1.1 GHz Cortex-A53";"480 x 854 pixels";CellphoneS;Android
299;"Nokia 8110 4G Chính hãng (Đã kích hoạt)";1480000;"512 MB";"4 GB";"Qualcomm MSM8908 Snapdragon 205";1;"2 MP, LED flash";Không;NULL;"2.45";https://cellphones.com.vn/nokia-8110-4g-chinh-hang-at.html;"2x 1.1 GHz Cortex-A7";"240 x 320 pixels";CellphoneS;Khác
300;"Nokia 3310 Chính hãng (2017)";1060000;NULL;NULL;-;1;"2 MP, LED flash";Không;NULL;"2.4";https://cellphones.com.vn/nokia-3310-2017-cty.html;-;"240 x 320 pixels";CellphoneS;Khác
301;"Nokia 105 (2017) 2 SIM Chính hãng (Đã kích hoạt)";0;"4 MB";"4 MB";-;0;Không;Không;NULL;"1.8";https://cellphones.com.vn/nokia-105-2017-2-sim-chinh-hang-at.html;-;"120 x 160 pixels";CellphoneS;Khác
302;"ASUS ZenFone Max M1 ZB555KL Chính hãng";0;"2 GB";"16 GB";"Qualcomm MSM8917 Snapdragon 425";3;"13 MP (f/2.0) + 8 MP (17mm, không AF), gyro EIS, tự động lấy nét nhận diện theo giai đoạn, LED flash";"8 MP (f/2.2, 25mm), gyro EIS";NULL;"5.5";https://cellphones.com.vn/asus-zenfone-max-m1-zb555kl-chinh-hang.html;"4x 1.4 GHz Cortex-A53";"720 x 1440 pixels";CellphoneS;Android
303;"ASUS Zenfone 5Q ZC600KL Chính hãng";0;"4 GB";"64 GB";"Qualcomm SDM630 Snapdragon 630";4;"16 MP (f/2.2, 26 mm, PDAF) + 16 MP (13 mm, không AF), gyro EIS, tự động lấy nét nhận diện theo giai đoạn, LED flash";"20 MP (f/2.0, 23 mm, 1/2.8", 1.0 μm) + 20 MP (13 mm), gyro EIS, LED flash";NULL;"6.0";https://cellphones.com.vn/asus-zenfone-5q-zc600kl-chinh-hang.html;"4x 2.2 GHz ARM Cortex-A53 & 4x 1.8 GHz ARM Cortex-A53";"1080 x 2160 pixels";CellphoneS;Android
304;"Xiaomi Redmi S2 64GB Chính hãng";0;"4 GB";"64 GB";"Qualcomm MSM8953 Snapdragon 625";3;"12 MP (f/2.2, 1.25μm, PDAF) + 5 MP, gyro-EIS, tự động lấy nét nhận diện theo giai đoạn, LED flash";"16 MP (2.0µm), HDR, LED flash";NULL;"5.99";https://cellphones.com.vn/xiaomi-redmi-s2-64-gb-chinh-hang.html;"8x 2.0 GHz Cortex-A53";"720 x 1440 pixels";CellphoneS;Android
305;"Samsung Galaxy J8 Chính hãng";0;"4 GB";"64 GB";"Qualcomm SDM450 Snapdragon 450";3;"16 MP (f/1.7) + 5 MP (f/1.9), tự động lấy nét nhận diện theo giai đoạn, LED flash";"16 MP (f/1.9), LED flash";NULL;"6.0";https://cellphones.com.vn/samsung-galaxy-j8-chinh-hang.html;"8x 1.8 GHz Cortex-A53";"1080 x 2220 pixels";CellphoneS;Android
306;"Apple iPhone SE2 64GB";0;"2 GB";"64 GB";-;2;"12 MP (f/1.8, 28mm), tự động lấy nét nhận diện theo giai đoạn, OIS, 4 LED flash (2 tone)";"7 MP (f/2.2, 32mm), 1080p@30fps, 720p@240fps, nhận diện khuôn mặt, HDR";NULL;"4.6";https://cellphones.com.vn/apple-iphone-se2-64-gb.html;-;"640 x 1136 pixels";CellphoneS;iOS
307;"Sony Xperia XZ2 Compact Chính hãng";0;"4 GB";"64 GB";"Qualcomm SDM845 Snapdragon 845";2;"19 MP (f/2.0, 25mm, 1/2.3", 1.22 µm), gyro EIS, tiên đoán nhận diện theo giai đoạn và tự động lấy nét lazer, LED flash";"5 MP (f/2.2, 23mm, 1/5"), gyro EIS, 1080p";NULL;"5.0";https://cellphones.com.vn/sony-xperia-xz2-compact-chinh-hang.html;"4x 2.8 GHz Kryo 385 Gold & 4x 1.8 GHz Kryo 385 Silver";"1080 x 2160 pixels";CellphoneS;Android
308;"Apple iPhone SE 2018 64GB";0;"2 GB";"64 GB";-;2;"12 MP (f/1.8, 28mm), tự động lấy nét nhận diện theo giai đoạn, OIS, 4 LED flash (2 tone)";"7 MP (f/2.2, 32mm), 1080p@30fps, 720p@240fps, nhận diện khuôn mặt, HDR";NULL;"4.6";https://cellphones.com.vn/apple-iphone-se-2018-64-gb.html;-;"640 x 1136 pixels";CellphoneS;iOS
309;"ASUS Zenfone 5 Lite ZC600KL Chính hãng";0;"3 GB";"32 GB";"Qualcomm MSM8937 Snapdragon 430";4;"16 MP (f/2.2, 26 mm, PDAF) + 16 MP (13 mm, không AF), gyro EIS, tự động lấy nét nhận diện theo giai đoạn, LED flash";"20 MP (f/2.0, 23 mm, 1/2.8", 1.0 μm) + 20 MP (13 mm), gyro EIS, LED flash";NULL;"6.0";https://cellphones.com.vn/asus-zenfone-5-lite-zc600kl-chinh-hang.html;"4x 1.4 GHz ARM Cortex-A53 & 4x 1.1 GHz ARM Cortex-A53";"1080 x 2160 pixels";CellphoneS;Android
